Cycle,Time,Traditional Scenario,Num Autonomous Bikes,Autonomous Bikes Battery Life,AB PickUp Speed,Num Cars,Agent,Trip Served,Mode,Wait Time (min),Departure Time,Arrival Time,Duration (min),Origin [lat],Origin [lon],Destination [lat],Destination [lon],Distance (m)
128,2022-10-01 00:21:20,true,40,package0,false,0,0.0,nil,00:21:20,21.333333333333332,-71.08688499986712,42.37212699972507,-71.12392810578444,42.38829299401005,0.0
356,2022-10-01 00:59:20,true,40,package3990,false,0,0.0,nil,00:59:20,59.333333333333336,-71.11851899987155,42.37028199973816,-71.1199399998718,42.372068999738694,0.0
356,2022-10-01 00:59:20,true,40,package7980,false,0,0.0,nil,00:59:20,59.333333333333336,-71.11939599987174,42.37309199973846,-71.11383699987104,42.377689999736155,0.0
1256,2022-10-01 03:29:20,true,40,package3,false,0,0.0,nil,03:29:20,209.33333333333334,-71.10987199987034,42.36911099973463,-71.11631324592337,42.3724186533453,0.0
1610,2022-10-01 04:28:20,true,40,package3993,false,0,0.0,nil,04:28:20,268.3333333333333,-71.12033699987214,42.38924699973866,-71.12309320780959,42.38225684162842,0.0
1718,2022-10-01 04:46:20,true,40,package7983,false,0,0.0,nil,04:46:20,286.3333333333333,-71.1023329998692,42.36434299973162,-71.10748925904183,42.3575867564774,0.0
1784,2022-10-01 04:57:20,true,40,package6,false,0,0.0,nil,04:57:20,297.3333333333333,-71.07532599986543,42.368018999720235,-71.10507469076363,42.362661515361154,0.0
1814,2022-10-01 05:02:20,true,40,package3996,false,0,0.0,nil,05:02:20,302.3333333333333,-71.11694499987141,42.37270799973749,-71.08187540790438,42.372206568298594,0.0
1850,2022-10-01 05:08:20,true,40,package7986,false,0,0.0,nil,05:08:20,308.3333333333333,-71.12115099987201,42.37418899973918,-71.11089029987033,42.359209899735184,0.0
1922,2022-10-01 05:20:20,true,40,package9,false,0,0.0,nil,05:20:20,320.3333333333333,-71.09509299986831,42.3731539997285,-71.09801169732896,42.37073626260453,0.0
1940,2022-10-01 05:23:20,true,40,package3999,false,0,0.0,nil,05:23:20,323.3333333333333,-71.09046999986747,42.36164899972673,-71.0876848535413,42.36321885175042,0.0
1970,2022-10-01 05:28:20,true,40,package7989,false,0,0.0,nil,05:28:20,328.3333333333333,-71.09509299986831,42.3731539997285,-71.09937807308816,42.37015937767612,0.0
1982,2022-10-01 05:30:20,true,40,package12,false,0,0.0,nil,05:30:20,330.3333333333333,-71.09046999986747,42.36164899972673,-71.08742999986701,42.360622999725464,0.0
2006,2022-10-01 05:34:20,true,40,package4002,false,0,0.0,nil,05:34:20,334.3333333333333,-71.11694499987141,42.37270799973749,-71.11631324592337,42.3724186533453,0.0
2018,2022-10-01 05:36:20,true,40,package7992,false,0,0.0,nil,05:36:20,336.3333333333333,-71.09509299986831,42.3731539997285,-71.10712890636256,42.36959190599659,0.0
2030,2022-10-01 05:38:20,true,40,package15,false,0,0.0,nil,05:38:20,338.3333333333333,-71.09509299986831,42.3731539997285,-71.08906396357803,42.36877115931944,0.0
2030,2022-10-01 05:38:20,true,40,package4005,false,0,0.0,nil,05:38:20,338.3333333333333,-71.09046999986747,42.36164899972673,-71.0825619998664,42.36595199972334,0.0
2030,2022-10-01 05:38:20,true,40,package7995,false,0,0.0,nil,05:38:20,338.3333333333333,-71.09046999986747,42.36164899972673,-71.0825619998664,42.36595199972334,0.0
2066,2022-10-01 05:44:20,true,40,package18,false,0,0.0,nil,05:44:20,344.3333333333333,-71.09046999986747,42.36164899972673,-71.0938452573283,42.357312860602875,0.0
2072,2022-10-01 05:45:20,true,40,package4008,false,0,0.0,nil,05:45:20,345.3333333333333,-71.09509299986831,42.3731539997285,-71.09618056139115,42.36580942518638,0.0
2102,2022-10-01 05:50:20,true,40,package7998,false,0,0.0,nil,05:50:20,350.3333333333333,-71.09622799986829,42.36132899972912,-71.09995580775148,42.362849206319666,0.0
2108,2022-10-01 05:51:20,true,40,package21,false,0,0.0,nil,05:51:20,351.3333333333333,-71.08203499986632,42.36451199972311,-71.08615179986694,42.367275399724846,0.0
2108,2022-10-01 05:51:20,true,40,package4011,false,0,0.0,nil,05:51:20,351.3333333333333,-71.0798199998661,42.372245999722104,-71.07753522453883,42.3718064150742,0.0
2114,2022-10-01 05:52:20,true,40,package24,false,0,0.0,nil,05:52:20,352.3333333333333,-71.09046999986747,42.36164899972673,-71.08403299986657,42.36430499972397,0.0
2114,2022-10-01 05:52:20,true,40,package8001,false,0,0.0,nil,05:52:20,352.3333333333333,-71.08203499986632,42.36451199972311,-71.09767199986861,42.369564999729626,0.0
2126,2022-10-01 05:54:20,true,40,package27,false,0,0.0,nil,05:54:20,354.3333333333333,-71.08203499986632,42.36451199972311,-71.08137899986622,42.36436899972288,0.0
2126,2022-10-01 05:54:20,true,40,package4014,false,0,0.0,nil,05:54:20,354.3333333333333,-71.11937199987199,42.389414999738264,-71.1347579998739,42.37394999974458,0.0
2126,2022-10-01 05:54:20,true,40,package8004,false,0,0.0,nil,05:54:20,354.3333333333333,-71.09509299986831,42.3731539997285,-71.08357027167483,42.36852678388761,0.0
2168,2022-10-01 06:01:20,true,40,package4017,false,0,0.0,nil,06:01:20,361.3333333333333,-71.10373399986943,42.365674999732164,-71.132055758763,42.38192206194497,0.0
2174,2022-10-01 06:02:20,true,40,package30,false,0,0.0,nil,06:02:20,362.3333333333333,-71.08246999986636,42.36332299972335,-71.11301374733306,42.358403973286975,0.0
2174,2022-10-01 06:02:20,true,40,package8007,false,0,0.0,nil,06:02:20,362.3333333333333,-71.11823199987181,42.388387999737795,-71.11244918422126,42.38216155248347,0.0
2180,2022-10-01 06:03:20,true,40,package4020,false,0,0.0,nil,06:03:20,363.3333333333333,-71.08258999986639,42.364909999723366,-71.08192419179511,42.36602282380857,0.0
2198,2022-10-01 06:06:20,true,40,package8010,false,0,0.0,nil,06:06:20,366.3333333333333,-71.09046999986747,42.36164899972673,-71.10327399986919,42.35498799973213,0.0
2222,2022-10-01 06:10:20,true,40,package33,false,0,0.0,nil,06:10:20,370.3333333333333,-71.12042299987188,42.372026999738885,-71.1199399998718,42.372068999738694,0.0
2228,2022-10-01 06:11:20,true,40,package4023,false,0,0.0,nil,06:11:20,371.3333333333333,-71.08331799986662,42.3712809997236,-71.08160981835726,42.368220244173905,0.0
2252,2022-10-01 06:15:20,true,40,package8013,false,0,0.0,nil,06:15:20,375.3333333333333,-71.07540799986546,42.37195999972023,-71.10445199986953,42.36563099973245,0.0
2276,2022-10-01 06:19:20,true,40,package36,false,0,0.0,nil,06:19:20,379.3333333333333,-71.10085699986897,42.364024999731015,-71.09963099986882,42.36357899973052,0.0
2276,2022-10-01 06:19:20,true,40,package39,false,0,0.0,nil,06:19:20,379.3333333333333,-71.11896499987171,42.373370999738285,-71.0981302080226,42.36959949058263,0.0
2276,2022-10-01 06:19:20,true,40,package4026,false,0,0.0,nil,06:19:20,379.3333333333333,-71.11823199987181,42.388387999737795,-71.09647904308851,42.36667452472963,0.0
2276,2022-10-01 06:19:20,true,40,package8016,false,0,0.0,nil,06:19:20,379.3333333333333,-71.0798199998661,42.372245999722104,-71.0810608067409,42.369967245208315,0.0
2300,2022-10-01 06:23:20,true,40,package42,false,0,0.0,nil,06:23:20,383.3333333333333,-71.11896499987171,42.373370999738285,-71.15206778497084,42.377035535358814,0.0
2300,2022-10-01 06:23:20,true,40,package4029,false,0,0.0,nil,06:23:20,383.3333333333333,-71.07156199986487,42.36771299971865,-71.07850063177915,42.366242412124826,0.0
2300,2022-10-01 06:23:20,true,40,package8019,false,0,0.0,nil,06:23:20,383.3333333333333,-71.11896499987171,42.373370999738285,-71.15363739110279,42.37867488599647,0.0
2312,2022-10-01 06:25:20,true,40,package45,false,0,0.0,nil,06:25:20,385.3333333333333,-71.11896499987171,42.373370999738285,-71.11743799987146,42.37121899973769,0.0
2312,2022-10-01 06:25:20,true,40,package4032,false,0,0.0,nil,06:25:20,385.3333333333333,-71.07779399986579,42.36981699972128,-71.07729999986572,42.37058199972106,0.0
2312,2022-10-01 06:25:20,true,40,package8022,false,0,0.0,nil,06:25:20,385.3333333333333,-71.11139999987059,42.36962799973527,-71.1131417998708,42.36995179973598,0.0
2324,2022-10-01 06:27:20,true,40,package4035,false,0,0.0,nil,06:27:20,387.3333333333333,-71.11139999987059,42.36962799973527,-71.11003869549936,42.370382243607445,0.0
2330,2022-10-01 06:28:20,true,40,package8025,false,0,0.0,nil,06:28:20,388.3333333333333,-71.11896499987171,42.373370999738285,-71.10275899986925,42.365177999731785,0.0
2336,2022-10-01 06:29:20,true,40,package48,false,0,0.0,nil,06:29:20,389.3333333333333,-71.10373399986943,42.365674999732164,-71.12078757488155,42.392533239510186,0.0
2342,2022-10-01 06:30:20,true,40,package4038,false,0,0.0,nil,06:30:20,390.3333333333333,-71.06882399986448,42.36985899971745,-71.0741029998653,42.371712999719676,0.0
2354,2022-10-01 06:32:20,true,40,package8028,false,0,0.0,nil,06:32:20,392.3333333333333,-71.14909599987594,42.37545099975018,-71.14984064921886,42.37846105437359,0.0
2360,2022-10-01 06:33:20,true,40,package51,false,0,0.0,nil,06:33:20,393.3333333333333,-71.08331799986662,42.3712809997236,-71.11942999987177,42.37239899973848,0.0
2366,2022-10-01 06:34:20,true,40,package4041,false,0,0.0,nil,06:34:20,394.3333333333333,-71.11139999987059,42.36962799973527,-71.10385713596033,42.37289438160751,0.0
2372,2022-10-01 06:35:20,true,40,package8031,false,0,0.0,nil,06:35:20,395.3333333333333,-71.08730399986703,42.362206999725394,-71.09054599986749,42.361888999726744,0.0
2384,2022-10-01 06:37:20,true,40,package54,false,0,0.0,nil,06:37:20,397.3333333333333,-71.0798199998661,42.372245999722104,-71.07877301602849,42.37299739661152,0.0
2402,2022-10-01 06:40:20,true,40,package4044,false,0,0.0,nil,06:40:20,400.3333333333333,-71.11994899987197,42.381919999738585,-71.10456899986951,42.36319099973255,0.0
2414,2022-10-01 06:42:20,true,40,package57,false,0,0.0,nil,06:42:20,402.3333333333333,-71.07540199986546,42.37193799972023,-71.09635899986824,42.35876399972921,0.0
2414,2022-10-01 06:42:20,true,40,package8034,false,0,0.0,nil,06:42:20,402.3333333333333,-71.11823199987181,42.388387999737795,-71.0825619998664,42.36595199972334,0.0
2420,2022-10-01 06:43:20,true,40,package4047,false,0,0.0,nil,06:43:20,403.3333333333333,-71.1164709998713,42.37132899973732,-71.11631324592337,42.3724186533453,0.0
2426,2022-10-01 06:44:20,true,40,package8037,false,0,0.0,nil,06:44:20,404.3333333333333,-71.07826899986577,42.36611799972152,-71.10168943858636,42.371458687240455,0.0
2444,2022-10-01 06:47:20,true,40,package60,false,0,0.0,nil,06:47:20,407.3333333333333,-71.14909599987594,42.37545099975018,-71.1529596356049,42.37634381147553,0.0
2450,2022-10-01 06:48:20,true,40,package4050,false,0,0.0,nil,06:48:20,408.3333333333333,-71.11139999987059,42.36962799973527,-71.11039508501794,42.37024660517939,0.0
2456,2022-10-01 06:49:20,true,40,package8040,false,0,0.0,nil,06:49:20,409.3333333333333,-71.08258999986639,42.364909999723366,-71.07729899986566,42.366418999721105,0.0
2462,2022-10-01 06:50:20,true,40,package63,false,0,0.0,nil,06:50:20,410.3333333333333,-71.09046999986747,42.36164899972673,-71.09054599986749,42.361888999726744,0.0
2474,2022-10-01 06:52:20,true,40,package4053,false,0,0.0,nil,06:52:20,412.3333333333333,-71.11994899987197,42.381919999738585,-71.08959899986749,42.37237999972623,0.0
2474,2022-10-01 06:52:20,true,40,package8043,false,0,0.0,nil,06:52:20,412.3333333333333,-71.09046999986747,42.36164899972673,-71.08742999986701,42.360622999725464,0.0
2480,2022-10-01 06:53:20,true,40,package66,false,0,0.0,nil,06:53:20,413.3333333333333,-71.10373399986943,42.365674999732164,-71.10141899986913,42.36970699973116,0.0
2486,2022-10-01 06:54:20,true,40,package4056,false,0,0.0,nil,06:54:20,414.3333333333333,-71.11823199987181,42.388387999737795,-71.12352517171675,42.39186080210588,0.0
2492,2022-10-01 06:55:20,true,40,package8046,false,0,0.0,nil,06:55:20,415.3333333333333,-71.11823199987181,42.388387999737795,-71.11829199987189,42.3899979997378,0.0
2498,2022-10-01 06:56:20,true,40,package69,false,0,0.0,nil,06:56:20,416.3333333333333,-71.07540799986546,42.37195999972023,-71.08137899986622,42.36436899972288,0.0
2504,2022-10-01 06:57:20,true,40,package4059,false,0,0.0,nil,06:57:20,417.3333333333333,-71.11823199987181,42.388387999737795,-71.09994421418689,42.36957923587566,0.0
2504,2022-10-01 06:57:20,true,40,package8049,false,0,0.0,nil,06:57:20,417.3333333333333,-71.11994899987197,42.381919999738585,-71.11075199987047,42.36934499973502,0.0
2510,2022-10-01 06:58:20,true,40,package72,false,0,0.0,nil,06:58:20,418.3333333333333,-71.10085699986897,42.364024999731015,-71.09622799986829,42.36132899972912,0.0
2516,2022-10-01 06:59:20,true,40,package4062,false,0,0.0,nil,06:59:20,419.3333333333333,-71.09046999986747,42.36164899972673,-71.0938452573283,42.357312860602875,0.0
2522,2022-10-01 07:00:20,true,40,package75,false,0,0.0,nil,07:00:20,420.3333333333333,-71.09387999986798,42.362781999728135,-71.10044140637315,42.36507830988447,0.0
2522,2022-10-01 07:00:20,true,40,package8052,false,0,0.0,nil,07:00:20,420.3333333333333,-71.07540799986546,42.37195999972023,-71.12616934114074,42.38638180459339,0.0
2528,2022-10-01 07:01:20,true,40,package78,false,0,0.0,nil,07:01:20,421.3333333333333,-71.11822699987184,42.390042999737794,-71.11989319325522,42.38672201382479,0.0
2528,2022-10-01 07:01:20,true,40,package4065,false,0,0.0,nil,07:01:20,421.3333333333333,-71.11994899987197,42.381919999738585,-71.12538466357327,42.390918682087474,0.0
2528,2022-10-01 07:01:20,true,40,package8055,false,0,0.0,nil,07:01:20,421.3333333333333,-71.11982999987201,42.38448799973849,-71.1242533262152,42.39083554251293,0.0
2540,2022-10-01 07:03:20,true,40,package81,false,0,0.0,nil,07:03:20,423.3333333333333,-71.0798199998661,42.372245999722104,-71.12811099987316,42.38542799974183,0.0
2540,2022-10-01 07:03:20,true,40,package4068,false,0,0.0,nil,07:03:20,423.3333333333333,-71.11785199987152,42.37248399973784,-71.11415199987103,42.37402899973632,0.0
2540,2022-10-01 07:03:20,true,40,package4071,false,0,0.0,nil,07:03:20,423.3333333333333,-71.11187399987064,42.36972499973546,-71.11053145171634,42.37072942046694,0.0
2540,2022-10-01 07:03:20,true,40,package8058,false,0,0.0,nil,07:03:20,423.3333333333333,-71.10536599986966,42.36606899973284,-71.10854491633252,42.36033465586496,0.0
2540,2022-10-01 07:03:20,true,40,package8061,false,0,0.0,nil,07:03:20,423.3333333333333,-71.11785199987152,42.37248399973784,-71.12349699987242,42.378528999740055,0.0
2546,2022-10-01 07:04:20,true,40,package84,false,0,0.0,nil,07:04:20,424.3333333333333,-71.09046999986747,42.36164899972673,-71.08742999986701,42.360622999725464,0.0
2546,2022-10-01 07:04:20,true,40,package4074,false,0,0.0,nil,07:04:20,424.3333333333333,-71.11982999987201,42.38448799973849,-71.12620615637933,42.39073079357288,0.0
2552,2022-10-01 07:05:20,true,40,package87,false,0,0.0,nil,07:05:20,425.3333333333333,-71.11982999987201,42.38448799973849,-71.12459075055249,42.39165921401182,0.0
2552,2022-10-01 07:05:20,true,40,package4077,false,0,0.0,nil,07:05:20,425.3333333333333,-71.11982999987201,42.38448799973849,-71.12459075055249,42.39165921401182,0.0
2552,2022-10-01 07:05:20,true,40,package8064,false,0,0.0,nil,07:05:20,425.3333333333333,-71.11957699987198,42.386093999738385,-71.1262247437458,42.39202508877544,0.0
2558,2022-10-01 07:06:20,true,40,package90,false,0,0.0,nil,07:06:20,426.3333333333333,-71.10536599986966,42.36606899973284,-71.11086504115696,42.36041364505737,0.0
2558,2022-10-01 07:06:20,true,40,package8067,false,0,0.0,nil,07:06:20,426.3333333333333,-71.11982999987201,42.38448799973849,-71.10046657760918,42.364357794607244,0.0
2570,2022-10-01 07:08:20,true,40,package4080,false,0,0.0,nil,07:08:20,428.3333333333333,-71.1206309998719,42.37177699973897,-71.11825599987158,42.37200699973802,0.0
2570,2022-10-01 07:08:20,true,40,package8070,false,0,0.0,nil,07:08:20,428.3333333333333,-71.09474399986802,42.359065999728536,-71.09917866221225,42.365943384017534,0.0
2576,2022-10-01 07:09:20,true,40,package93,false,0,0.0,nil,07:09:20,429.3333333333333,-71.09046999986747,42.36164899972673,-71.10823351313995,42.35894005014866,0.0
2576,2022-10-01 07:09:20,true,40,package4083,false,0,0.0,nil,07:09:20,429.3333333333333,-71.09029399986754,42.36795799972656,-71.08969194175174,42.370920749414196,0.0
2582,2022-10-01 07:10:20,true,40,package96,false,0,0.0,nil,07:10:20,430.3333333333333,-71.07540799986546,42.37195999972023,-71.10667360718229,42.36677031972537,0.0
2582,2022-10-01 07:10:20,true,40,package8073,false,0,0.0,nil,07:10:20,430.3333333333333,-71.10427299986937,42.357744999732496,-71.10963105493109,42.35793571782664,0.0
2588,2022-10-01 07:11:20,true,40,package4086,false,0,0.0,nil,07:11:20,431.3333333333333,-71.09046999986747,42.36164899972673,-71.08742999986701,42.360622999725464,0.0
2594,2022-10-01 07:12:20,true,40,package99,false,0,0.0,nil,07:12:20,432.3333333333333,-71.09387999986798,42.362781999728135,-71.10058658319886,42.36429262353091,0.0
2594,2022-10-01 07:12:20,true,40,package4089,false,0,0.0,nil,07:12:20,432.3333333333333,-71.09387999986798,42.362781999728135,-71.07327511940144,42.369917808488715,0.0
2594,2022-10-01 07:12:20,true,40,package8076,false,0,0.0,nil,07:12:20,432.3333333333333,-71.10427299986937,42.357744999732496,-71.13344488771834,42.401768330846146,0.0
2600,2022-10-01 07:13:20,true,40,package102,false,0,0.0,nil,07:13:20,433.3333333333333,-71.11785199987152,42.37248399973784,-71.13445477134255,42.38375114617127,0.0
2600,2022-10-01 07:13:20,true,40,package8079,false,0,0.0,nil,07:13:20,433.3333333333333,-71.099826999869,42.37339999973048,-71.10643099986967,42.35723299973338,0.0
2612,2022-10-01 07:15:20,true,40,package4092,false,0,0.0,nil,07:15:20,435.3333333333333,-71.09656499986832,42.36078899972927,-71.11974499987204,42.389393999738424,0.0
2618,2022-10-01 07:16:20,true,40,package105,false,0,0.0,nil,07:16:20,436.3333333333333,-71.08233299986635,42.365243999723255,-71.09003999986753,42.36864299972644,0.0
2618,2022-10-01 07:16:20,true,40,package8082,false,0,0.0,nil,07:16:20,436.3333333333333,-71.09046999986747,42.36164899972673,-71.08742999986701,42.360622999725464,0.0
2624,2022-10-01 07:17:20,true,40,package4095,false,0,0.0,nil,07:17:20,437.3333333333333,-71.10242299986923,42.36502799973162,-71.14768299987577,42.37758399974963,0.0
2624,2022-10-01 07:17:20,true,40,package8085,false,0,0.0,nil,07:17:20,437.3333333333333,-71.11954799987201,42.38936199973832,-71.1196854520286,42.38944898146024,0.0
2630,2022-10-01 07:18:20,true,40,package108,false,0,0.0,nil,07:18:20,438.3333333333333,-71.10242299986923,42.36502799973162,-71.0938452573283,42.357312860602875,0.0
2630,2022-10-01 07:18:20,true,40,package4098,false,0,0.0,nil,07:18:20,438.3333333333333,-71.10242299986923,42.36502799973162,-71.0938452573283,42.357312860602875,0.0
2636,2022-10-01 07:19:20,true,40,package111,false,0,0.0,nil,07:19:20,439.3333333333333,-71.11785199987152,42.37248399973784,-71.12076241448466,42.37486423651355,0.0
2636,2022-10-01 07:19:20,true,40,package114,false,0,0.0,nil,07:19:20,439.3333333333333,-71.08233299986635,42.365243999723255,-71.10638216055588,42.357401599126646,0.0
2636,2022-10-01 07:19:20,true,40,package117,false,0,0.0,nil,07:19:20,439.3333333333333,-71.09046999986747,42.36164899972673,-71.10592638258682,42.35757767075064,0.0
2636,2022-10-01 07:19:20,true,40,package4101,false,0,0.0,nil,07:19:20,439.3333333333333,-71.11897699987169,42.37244099973829,-71.12039239987199,42.378816299738794,0.0
2636,2022-10-01 07:19:20,true,40,package4104,false,0,0.0,nil,07:19:20,439.3333333333333,-71.08233299986635,42.365243999723255,-71.11089029987033,42.359209899735184,0.0
2636,2022-10-01 07:19:20,true,40,package8088,false,0,0.0,nil,07:19:20,439.3333333333333,-71.11897699987169,42.37244099973829,-71.1027608631837,42.37272015851368,0.0
2636,2022-10-01 07:19:20,true,40,package8091,false,0,0.0,nil,07:19:20,439.3333333333333,-71.11822699987184,42.390042999737794,-71.14627298520105,42.37722676934421,0.0
2636,2022-10-01 07:19:20,true,40,package8094,false,0,0.0,nil,07:19:20,439.3333333333333,-71.08233299986635,42.365243999723255,-71.10327399986919,42.35498799973213,0.0
2642,2022-10-01 07:20:20,true,40,package4107,false,0,0.0,nil,07:20:20,440.3333333333333,-71.12042299987188,42.372026999738885,-71.10794944534378,42.37674902507298,0.0
2648,2022-10-01 07:21:20,true,40,package120,false,0,0.0,nil,07:21:20,441.3333333333333,-71.0798199998661,42.372245999722104,-71.13308299987405,42.39864099974365,0.0
2648,2022-10-01 07:21:20,true,40,package8097,false,0,0.0,nil,07:21:20,441.3333333333333,-71.14909599987594,42.37545099975018,-71.14779387973711,42.37586098855208,0.0
2660,2022-10-01 07:23:20,true,40,package4110,false,0,0.0,nil,07:23:20,443.3333333333333,-71.09046999986747,42.36164899972673,-71.0821089998663,42.36293399972318,0.0
2666,2022-10-01 07:24:20,true,40,package123,false,0,0.0,nil,07:24:20,444.3333333333333,-71.11982999987201,42.38448799973849,-71.120061999872,42.38244899973862,0.0
2666,2022-10-01 07:24:20,true,40,package8100,false,0,0.0,nil,07:24:20,444.3333333333333,-71.08233299986635,42.365243999723255,-71.0825619998664,42.36595199972334,0.0
2672,2022-10-01 07:25:20,true,40,package126,false,0,0.0,nil,07:25:20,445.3333333333333,-71.12115099987201,42.37418899973918,-71.15224963065059,42.375782683475194,0.0
2672,2022-10-01 07:25:20,true,40,package4113,false,0,0.0,nil,07:25:20,445.3333333333333,-71.11954799987201,42.38936199973832,-71.10698999987002,42.375351999733404,0.0
2672,2022-10-01 07:25:20,true,40,package8103,false,0,0.0,nil,07:25:20,445.3333333333333,-71.08403699986671,42.37174999972388,-71.0861119914994,42.3724559987498,0.0
2678,2022-10-01 07:26:20,true,40,package129,false,0,0.0,nil,07:26:20,446.3333333333333,-71.10242299986923,42.36502799973162,-71.0861119914994,42.3724559987498,0.0
2678,2022-10-01 07:26:20,true,40,package132,false,0,0.0,nil,07:26:20,446.3333333333333,-71.10242299986923,42.36502799973162,-71.1131417998708,42.36995179973598,0.0
2678,2022-10-01 07:26:20,true,40,package4116,false,0,0.0,nil,07:26:20,446.3333333333333,-71.12042299987188,42.372026999738885,-71.10910822402212,42.376195557185284,0.0
2678,2022-10-01 07:26:20,true,40,package4119,false,0,0.0,nil,07:26:20,446.3333333333333,-71.10242299986923,42.36502799973162,-71.1131417998708,42.36995179973598,0.0
2678,2022-10-01 07:26:20,true,40,package8106,false,0,0.0,nil,07:26:20,446.3333333333333,-71.10242299986923,42.36502799973162,-71.09987039986883,42.36283689973061,0.0
2678,2022-10-01 07:26:20,true,40,package8109,false,0,0.0,nil,07:26:20,446.3333333333333,-71.10242299986923,42.36502799973162,-71.11081269246256,42.37270329507817,0.0
2684,2022-10-01 07:27:20,true,40,package135,false,0,0.0,nil,07:27:20,447.3333333333333,-71.09656499986832,42.36078899972927,-71.10705773239334,42.357603898408854,0.0
2684,2022-10-01 07:27:20,true,40,package138,false,0,0.0,nil,07:27:20,447.3333333333333,-71.07540799986546,42.37195999972023,-71.0741029998653,42.371712999719676,0.0
2684,2022-10-01 07:27:20,true,40,package4122,false,0,0.0,nil,07:27:20,447.3333333333333,-71.12042299987188,42.372026999738885,-71.10817530367993,42.36852761079921,0.0
2684,2022-10-01 07:27:20,true,40,package4125,false,0,0.0,nil,07:27:20,447.3333333333333,-71.09656499986832,42.36078899972927,-71.10904105906022,42.356097478247946,0.0
2684,2022-10-01 07:27:20,true,40,package8112,false,0,0.0,nil,07:27:20,447.3333333333333,-71.09387999986798,42.362781999728135,-71.07729999986572,42.37058199972106,0.0
2684,2022-10-01 07:27:20,true,40,package8115,false,0,0.0,nil,07:27:20,447.3333333333333,-71.11994899987197,42.381919999738585,-71.10971221353928,42.3750790677345,0.0
2696,2022-10-01 07:29:20,true,40,package4128,false,0,0.0,nil,07:29:20,449.3333333333333,-71.10242299986923,42.36502799973162,-71.10697907216596,42.35697656138066,0.0
2696,2022-10-01 07:29:20,true,40,package8118,false,0,0.0,nil,07:29:20,449.3333333333333,-71.10242299986923,42.36502799973162,-71.10592638258682,42.35757767075064,0.0
2702,2022-10-01 07:30:20,true,40,package141,false,0,0.0,nil,07:30:20,450.3333333333333,-71.09046999986747,42.36164899972673,-71.1220850353213,42.38860181267255,0.0
2702,2022-10-01 07:30:20,true,40,package4131,false,0,0.0,nil,07:30:20,450.3333333333333,-71.09046999986747,42.36164899972673,-71.12039239987199,42.378816299738794,0.0
2702,2022-10-01 07:30:20,true,40,package8121,false,0,0.0,nil,07:30:20,450.3333333333333,-71.08233299986635,42.365243999723255,-71.11089029987033,42.359209899735184,0.0
2708,2022-10-01 07:31:20,true,40,package144,false,0,0.0,nil,07:31:20,451.3333333333333,-71.10536599986966,42.36606899973284,-71.10904386752829,42.35895331992713,0.0
2708,2022-10-01 07:31:20,true,40,package4134,false,0,0.0,nil,07:31:20,451.3333333333333,-71.10536599986966,42.36606899973284,-71.10849876093991,42.359068306488716,0.0
2714,2022-10-01 07:32:20,true,40,package147,false,0,0.0,nil,07:32:20,452.3333333333333,-71.09387999986798,42.362781999728135,-71.08137899986622,42.36436899972288,0.0
2714,2022-10-01 07:32:20,true,40,package4137,false,0,0.0,nil,07:32:20,452.3333333333333,-71.10071599986897,42.36333499973095,-71.1024368980891,42.36332159082532,0.0
2714,2022-10-01 07:32:20,true,40,package8124,false,0,0.0,nil,07:32:20,452.3333333333333,-71.09784299986865,42.367946999729725,-71.09776564429808,42.368293264260004,0.0
2720,2022-10-01 07:33:20,true,40,package8127,false,0,0.0,nil,07:33:20,453.3333333333333,-71.09046999986747,42.36164899972673,-71.07877301602849,42.37299739661152,0.0
2726,2022-10-01 07:34:20,true,40,package150,false,0,0.0,nil,07:34:20,454.3333333333333,-71.10726099987012,42.37794599973347,-71.11049484948045,42.37804541717407,0.0
2726,2022-10-01 07:34:20,true,40,package153,false,0,0.0,nil,07:34:20,454.3333333333333,-71.0949849998683,42.37338699972846,-71.11266799987054,42.355947999735946,0.0
2726,2022-10-01 07:34:20,true,40,package156,false,0,0.0,nil,07:34:20,454.3333333333333,-71.09656499986832,42.36078899972927,-71.09635899986824,42.35876399972921,0.0
2726,2022-10-01 07:34:20,true,40,package4140,false,0,0.0,nil,07:34:20,454.3333333333333,-71.09656499986832,42.36078899972927,-71.09432099986799,42.36018499972835,0.0
2726,2022-10-01 07:34:20,true,40,package4143,false,0,0.0,nil,07:34:20,454.3333333333333,-71.09046999986747,42.36164899972673,-71.08273466743836,42.36263624108447,0.0
2726,2022-10-01 07:34:20,true,40,package8130,false,0,0.0,nil,07:34:20,454.3333333333333,-71.12115099987201,42.37418899973918,-71.10924930365184,42.37231411472627,0.0
2726,2022-10-01 07:34:20,true,40,package8133,false,0,0.0,nil,07:34:20,454.3333333333333,-71.08233299986635,42.365243999723255,-71.0821089998663,42.36293399972318,0.0
2732,2022-10-01 07:35:20,true,40,package4146,false,0,0.0,nil,07:35:20,455.3333333333333,-71.11982999987201,42.38448799973849,-71.12870704237721,42.396563980465395,0.0
2738,2022-10-01 07:36:20,true,40,package159,false,0,0.0,nil,07:36:20,456.3333333333333,-71.11954799987201,42.38936199973832,-71.12250900618614,42.38978377596749,0.0
2738,2022-10-01 07:36:20,true,40,package8136,false,0,0.0,nil,07:36:20,456.3333333333333,-71.0798199998661,42.372245999722104,-71.08790781186744,42.37015098897472,0.0
2744,2022-10-01 07:37:20,true,40,package4149,false,0,0.0,nil,07:37:20,457.3333333333333,-71.09474399986802,42.359065999728536,-71.10800699986989,42.35640899973403,0.0
2750,2022-10-01 07:38:20,true,40,package8139,false,0,0.0,nil,07:38:20,458.3333333333333,-71.08233299986635,42.365243999723255,-71.0825619998664,42.36595199972334,0.0
2756,2022-10-01 07:39:20,true,40,package162,false,0,0.0,nil,07:39:20,459.3333333333333,-71.09046999986747,42.36164899972673,-71.08702899986703,42.36500299972525,0.0
2756,2022-10-01 07:39:20,true,40,package4152,false,0,0.0,nil,07:39:20,459.3333333333333,-71.07705099986568,42.369370999720964,-71.10539064055475,42.3595939314678,0.0
2762,2022-10-01 07:40:20,true,40,package8142,false,0,0.0,nil,07:40:20,460.3333333333333,-71.12115099987201,42.37418899973918,-71.1196469998718,42.37390199973855,0.0
2768,2022-10-01 07:41:20,true,40,package165,false,0,0.0,nil,07:41:20,461.3333333333333,-71.12115099987201,42.37418899973918,-71.120061999872,42.38244899973862,0.0
2768,2022-10-01 07:41:20,true,40,package4155,false,0,0.0,nil,07:41:20,461.3333333333333,-71.12115099987201,42.37418899973918,-71.12091812909017,42.38214976581852,0.0
2768,2022-10-01 07:41:20,true,40,package8145,false,0,0.0,nil,07:41:20,461.3333333333333,-71.11426199987103,42.37323999973638,-71.10327399986919,42.35498799973213,0.0
2774,2022-10-01 07:42:20,true,40,package168,false,0,0.0,nil,07:42:20,462.3333333333333,-71.09387999986798,42.362781999728135,-71.111524404815,42.3596255469075,0.0
2774,2022-10-01 07:42:20,true,40,package171,false,0,0.0,nil,07:42:20,462.3333333333333,-71.10242299986923,42.36502799973162,-71.11182032745917,42.37211342917866,0.0
2774,2022-10-01 07:42:20,true,40,package4158,false,0,0.0,nil,07:42:20,462.3333333333333,-71.08233299986635,42.365243999723255,-71.10015331884003,42.37266596985839,0.0
2774,2022-10-01 07:42:20,true,40,package8148,false,0,0.0,nil,07:42:20,462.3333333333333,-71.10242299986923,42.36502799973162,-71.11370899987091,42.37044099973618,0.0
2786,2022-10-01 07:44:20,true,40,package174,false,0,0.0,nil,07:44:20,464.3333333333333,-71.11897699987169,42.37244099973829,-71.11032031646943,42.37698134037186,0.0
2786,2022-10-01 07:44:20,true,40,package4161,false,0,0.0,nil,07:44:20,464.3333333333333,-71.11954799987201,42.38936199973832,-71.11473349588633,42.38237974801724,0.0
2786,2022-10-01 07:44:20,true,40,package4164,false,0,0.0,nil,07:44:20,464.3333333333333,-71.11785199987152,42.37248399973784,-71.10512857315875,42.37072372596138,0.0
2786,2022-10-01 07:44:20,true,40,package8151,false,0,0.0,nil,07:44:20,464.3333333333333,-71.10242299986923,42.36502799973162,-71.0825619998664,42.36595199972334,0.0
2786,2022-10-01 07:44:20,true,40,package8154,false,0,0.0,nil,07:44:20,464.3333333333333,-71.11785199987152,42.37248399973784,-71.10835650768607,42.37185190359579,0.0
2792,2022-10-01 07:45:20,true,40,package177,false,0,0.0,nil,07:45:20,465.3333333333333,-71.1149389998709,42.357995999736836,-71.10378883786751,42.37326644991097,0.0
2798,2022-10-01 07:46:20,true,40,package180,false,0,0.0,nil,07:46:20,466.3333333333333,-71.10242299986923,42.36502799973162,-71.08384421039216,42.364672402906564,0.0
2798,2022-10-01 07:46:20,true,40,package4167,false,0,0.0,nil,07:46:20,466.3333333333333,-71.11426199987103,42.37323999973638,-71.122384898329,42.38992618180215,0.0
2798,2022-10-01 07:46:20,true,40,package8157,false,0,0.0,nil,07:46:20,466.3333333333333,-71.11822699987184,42.390042999737794,-71.13238730699447,42.399877790116264,0.0
2804,2022-10-01 07:47:20,true,40,package4170,false,0,0.0,nil,07:47:20,467.3333333333333,-71.08233299986635,42.365243999723255,-71.08010212825646,42.37231425357453,0.0
2804,2022-10-01 07:47:20,true,40,package8160,false,0,0.0,nil,07:47:20,467.3333333333333,-71.09474399986802,42.359065999728536,-71.10327399986919,42.35498799973213,0.0
2810,2022-10-01 07:48:20,true,40,package183,false,0,0.0,nil,07:48:20,468.3333333333333,-71.10242299986923,42.36502799973162,-71.09943134529512,42.36919363152446,0.0
2810,2022-10-01 07:48:20,true,40,package4173,false,0,0.0,nil,07:48:20,468.3333333333333,-71.09046999986747,42.36164899972673,-71.08576965094741,42.360176467354854,0.0
2816,2022-10-01 07:49:20,true,40,package186,false,0,0.0,nil,07:49:20,469.3333333333333,-71.12115099987201,42.37418899973918,-71.14162639471422,42.37775779564785,0.0
2816,2022-10-01 07:49:20,true,40,package8163,false,0,0.0,nil,07:49:20,469.3333333333333,-71.07540799986546,42.37195999972023,-71.0741029998653,42.371712999719676,0.0
2822,2022-10-01 07:50:20,true,40,package4176,false,0,0.0,nil,07:50:20,470.3333333333333,-71.099826999869,42.37339999973048,-71.099876999869,42.37376199973049,0.0
2834,2022-10-01 07:52:20,true,40,package189,false,0,0.0,nil,07:52:20,472.3333333333333,-71.0798199998661,42.372245999722104,-71.08051890287713,42.370594363334,0.0
2834,2022-10-01 07:52:20,true,40,package192,false,0,0.0,nil,07:52:20,472.3333333333333,-71.10242299986923,42.36502799973162,-71.12353799987247,42.38267299974002,0.0
2834,2022-10-01 07:52:20,true,40,package4179,false,0,0.0,nil,07:52:20,472.3333333333333,-71.10242299986923,42.36502799973162,-71.13868349383738,42.3817848200776,0.0
2834,2022-10-01 07:52:20,true,40,package4182,false,0,0.0,nil,07:52:20,472.3333333333333,-71.10242299986923,42.36502799973162,-71.1263930979295,42.38484929041018,0.0
2834,2022-10-01 07:52:20,true,40,package8166,false,0,0.0,nil,07:52:20,472.3333333333333,-71.10186299986906,42.35975699973149,-71.10118899986902,42.36277899973117,0.0
2834,2022-10-01 07:52:20,true,40,package8169,false,0,0.0,nil,07:52:20,472.3333333333333,-71.10242299986923,42.36502799973162,-71.120061999872,42.38244899973862,0.0
2840,2022-10-01 07:53:20,true,40,package195,false,0,0.0,nil,07:53:20,473.3333333333333,-71.10242299986923,42.36502799973162,-71.10090199986907,42.367478999731,0.0
2840,2022-10-01 07:53:20,true,40,package4185,false,0,0.0,nil,07:53:20,473.3333333333333,-71.09046999986747,42.36164899972673,-71.10327399986919,42.35498799973213,0.0
2840,2022-10-01 07:53:20,true,40,package8172,false,0,0.0,nil,07:53:20,473.3333333333333,-71.10242299986923,42.36502799973162,-71.10327399986919,42.35498799973213,0.0
2840,2022-10-01 07:53:20,true,40,package8175,false,0,0.0,nil,07:53:20,473.3333333333333,-71.09656499986832,42.36078899972927,-71.10743209186155,42.35622509255651,0.0
2846,2022-10-01 07:54:20,true,40,package198,false,0,0.0,nil,07:54:20,474.3333333333333,-71.09387999986798,42.362781999728135,-71.08145958345641,42.367560822859396,0.0
2846,2022-10-01 07:54:20,true,40,package4188,false,0,0.0,nil,07:54:20,474.3333333333333,-71.09387999986798,42.362781999728135,-71.09963099986882,42.36357899973052,0.0
2852,2022-10-01 07:55:20,true,40,package201,false,0,0.0,nil,07:55:20,475.3333333333333,-71.11334099987087,42.370697999736024,-71.1201423510135,42.38148730769258,0.0
2852,2022-10-01 07:55:20,true,40,package4191,false,0,0.0,nil,07:55:20,475.3333333333333,-71.09046999986747,42.36164899972673,-71.08742999986701,42.360622999725464,0.0
2852,2022-10-01 07:55:20,true,40,package8178,false,0,0.0,nil,07:55:20,475.3333333333333,-71.11982999987201,42.38448799973849,-71.11829199987189,42.3899979997378,0.0
2852,2022-10-01 07:55:20,true,40,package8181,false,0,0.0,nil,07:55:20,475.3333333333333,-71.08403699986671,42.37174999972388,-71.08198409995295,42.371527179455796,0.0
2858,2022-10-01 07:56:20,true,40,package204,false,0,0.0,nil,07:56:20,476.3333333333333,-71.11994899987197,42.381919999738585,-71.11074999987046,42.369327999735006,0.0
2870,2022-10-01 07:58:20,true,40,package207,false,0,0.0,nil,07:58:20,478.3333333333333,-71.08403699986671,42.37174999972388,-71.10320628133942,42.370734595484,0.0
2870,2022-10-01 07:58:20,true,40,package4194,false,0,0.0,nil,07:58:20,478.3333333333333,-71.10071599986897,42.36333499973095,-71.10652352915814,42.35908764642968,0.0
2870,2022-10-01 07:58:20,true,40,package4197,false,0,0.0,nil,07:58:20,478.3333333333333,-71.08233299986635,42.365243999723255,-71.08313099986648,42.36479299972362,0.0
2870,2022-10-01 07:58:20,true,40,package8184,false,0,0.0,nil,07:58:20,478.3333333333333,-71.08233299986635,42.365243999723255,-71.10646178497142,42.35957295639109,0.0
2876,2022-10-01 07:59:20,true,40,package210,false,0,0.0,nil,07:59:20,479.3333333333333,-71.09656499986832,42.36078899972927,-71.11032489061108,42.36203506312207,0.0
2876,2022-10-01 07:59:20,true,40,package8187,false,0,0.0,nil,07:59:20,479.3333333333333,-71.09387999986798,42.362781999728135,-71.09963099986882,42.36357899973052,0.0
2882,2022-10-01 08:00:20,true,40,package213,false,0,0.0,nil,08:00:20,480.3333333333333,-71.11912599987173,42.37430599973832,-71.12989499987356,42.39677899974239,0.0
2882,2022-10-01 08:00:20,true,40,package4200,false,0,0.0,nil,08:00:20,480.3333333333333,-71.09784299986865,42.367946999729725,-71.10013699986885,42.36218299973075,0.0
2882,2022-10-01 08:00:20,true,40,package4203,false,0,0.0,nil,08:00:20,480.3333333333333,-71.11998399987198,42.3823979997386,-71.12970199987333,42.3813449997425,0.0
2882,2022-10-01 08:00:20,true,40,package8190,false,0,0.0,nil,08:00:20,480.3333333333333,-71.11998399987198,42.3823979997386,-71.11250047611357,42.381604584755195,0.0
2894,2022-10-01 08:02:20,true,40,package216,false,0,0.0,nil,08:02:20,482.3333333333333,-71.11896499987171,42.373370999738285,-71.11821599987162,42.37487299973797,0.0
2894,2022-10-01 08:02:20,true,40,package219,false,0,0.0,nil,08:02:20,482.3333333333333,-71.11896499987171,42.373370999738285,-71.11743799987146,42.37121899973769,0.0
2894,2022-10-01 08:02:20,true,40,package4206,false,0,0.0,nil,08:02:20,482.3333333333333,-71.11139999987059,42.36962799973527,-71.11531899987112,42.36872119973688,0.0
2894,2022-10-01 08:02:20,true,40,package8193,false,0,0.0,nil,08:02:20,482.3333333333333,-71.11912599987173,42.37430599973832,-71.12034299987187,42.372003999738865,0.0
2894,2022-10-01 08:02:20,true,40,package8196,false,0,0.0,nil,08:02:20,482.3333333333333,-71.11896499987171,42.373370999738285,-71.11743799987146,42.37121899973769,0.0
2906,2022-10-01 08:04:20,true,40,package4209,false,0,0.0,nil,08:04:20,484.3333333333333,-71.1268949998731,42.394751999741224,-71.1303067195949,42.391265977213585,0.0
2906,2022-10-01 08:04:20,true,40,package8199,false,0,0.0,nil,08:04:20,484.3333333333333,-71.11896499987171,42.373370999738285,-71.13625879538576,42.38182414514031,0.0
2912,2022-10-01 08:05:20,true,40,package222,false,0,0.0,nil,08:05:20,485.3333333333333,-71.08631099986704,42.37165399972484,-71.0795057203489,42.367845129830684,0.0
2912,2022-10-01 08:05:20,true,40,package225,false,0,0.0,nil,08:05:20,485.3333333333333,-71.09784299986865,42.367946999729725,-71.1137993309443,42.36761586166395,0.0
2912,2022-10-01 08:05:20,true,40,package4212,false,0,0.0,nil,08:05:20,485.3333333333333,-71.08165499986636,42.37147599972288,-71.08384421039216,42.364672402906564,0.0
2912,2022-10-01 08:05:20,true,40,package8202,false,0,0.0,nil,08:05:20,485.3333333333333,-71.08631099986704,42.37165399972484,-71.0821089998663,42.36293399972318,0.0
2918,2022-10-01 08:06:20,true,40,package4215,false,0,0.0,nil,08:06:20,486.3333333333333,-71.08631099986704,42.37165399972484,-71.08599347019538,42.371628760549136,0.0
2918,2022-10-01 08:06:20,true,40,package8205,false,0,0.0,nil,08:06:20,486.3333333333333,-71.11982999987201,42.38448799973849,-71.12081491300447,42.3825090537172,0.0
2924,2022-10-01 08:07:20,true,40,package228,false,0,0.0,nil,08:07:20,487.3333333333333,-71.11912599987173,42.37430599973832,-71.12039239987199,42.378816299738794,0.0
2924,2022-10-01 08:07:20,true,40,package4218,false,0,0.0,nil,08:07:20,487.3333333333333,-71.11139999987059,42.36962799973527,-71.11279906333225,42.37194683612714,0.0
2924,2022-10-01 08:07:20,true,40,package8208,false,0,0.0,nil,08:07:20,487.3333333333333,-71.07540199986546,42.37193799972023,-71.08103879329512,42.36747986458506,0.0
2930,2022-10-01 08:08:20,true,40,package231,false,0,0.0,nil,08:08:20,488.3333333333333,-71.099826999869,42.37339999973048,-71.10015331884003,42.37266596985839,0.0
2930,2022-10-01 08:08:20,true,40,package4221,false,0,0.0,nil,08:08:20,488.3333333333333,-71.0929459998678,42.35911299972779,-71.08742999986701,42.360622999725464,0.0
2936,2022-10-01 08:09:20,true,40,package234,false,0,0.0,nil,08:09:20,489.3333333333333,-71.11896499987171,42.373370999738285,-71.11008599987045,42.37373699973468,0.0
2936,2022-10-01 08:09:20,true,40,package4224,false,0,0.0,nil,08:09:20,489.3333333333333,-71.12033699987214,42.38924699973866,-71.09725989986856,42.367762099729475,0.0
2936,2022-10-01 08:09:20,true,40,package8211,false,0,0.0,nil,08:09:20,489.3333333333333,-71.08165499986636,42.37147599972288,-71.08238186052296,42.37227483863618,0.0
2942,2022-10-01 08:10:20,true,40,package237,false,0,0.0,nil,08:10:20,490.3333333333333,-71.12033699987214,42.38924699973866,-71.0981302080226,42.36959949058263,0.0
2942,2022-10-01 08:10:20,true,40,package240,false,0,0.0,nil,08:10:20,490.3333333333333,-71.11966399987202,42.388048999738395,-71.13023868297864,42.391021624584965,0.0
2942,2022-10-01 08:10:20,true,40,package4227,false,0,0.0,nil,08:10:20,490.3333333333333,-71.11982699987199,42.38395799973851,-71.11074999987046,42.369327999735006,0.0
2942,2022-10-01 08:10:20,true,40,package4230,false,0,0.0,nil,08:10:20,490.3333333333333,-71.11822699987184,42.390042999737794,-71.09767199986861,42.369564999729626,0.0
2942,2022-10-01 08:10:20,true,40,package8214,false,0,0.0,nil,08:10:20,490.3333333333333,-71.09784299986865,42.367946999729725,-71.09725989986856,42.367762099729475,0.0
2942,2022-10-01 08:10:20,true,40,package8217,false,0,0.0,nil,08:10:20,490.3333333333333,-71.08258999986639,42.364909999723366,-71.08403299986657,42.36430499972397,0.0
2948,2022-10-01 08:11:20,true,40,package243,false,0,0.0,nil,08:11:20,491.3333333333333,-71.10275599986927,42.36503199973178,-71.0821089998663,42.36293399972318,0.0
2948,2022-10-01 08:11:20,true,40,package246,false,0,0.0,nil,08:11:20,491.3333333333333,-71.11912599987173,42.37430599973832,-71.13308299987405,42.39864099974365,0.0
2948,2022-10-01 08:11:20,true,40,package4233,false,0,0.0,nil,08:11:20,491.3333333333333,-71.10275599986927,42.36503199973178,-71.08384421039216,42.364672402906564,0.0
2948,2022-10-01 08:11:20,true,40,package8220,false,0,0.0,nil,08:11:20,491.3333333333333,-71.11896499987171,42.373370999738285,-71.11595799987123,42.37221099973709,0.0
2948,2022-10-01 08:11:20,true,40,package8223,false,0,0.0,nil,08:11:20,491.3333333333333,-71.10275599986927,42.36503199973178,-71.08384421039216,42.364672402906564,0.0
2954,2022-10-01 08:12:20,true,40,package4236,false,0,0.0,nil,08:12:20,492.3333333333333,-71.07540799986546,42.37195999972023,-71.0741029998653,42.371712999719676,0.0
2960,2022-10-01 08:13:20,true,40,package8226,false,0,0.0,nil,08:13:20,493.3333333333333,-71.10186299986906,42.35975699973149,-71.10646052820738,42.357447294300435,0.0
2966,2022-10-01 08:14:20,true,40,package249,false,0,0.0,nil,08:14:20,494.3333333333333,-71.09697399986842,42.36308199972941,-71.09432099986799,42.36018499972835,0.0
2972,2022-10-01 08:15:20,true,40,package252,false,0,0.0,nil,08:15:20,495.3333333333333,-71.11671299987137,42.37143599973739,-71.11942099987174,42.37134999973849,0.0
2972,2022-10-01 08:15:20,true,40,package4239,false,0,0.0,nil,08:15:20,495.3333333333333,-71.11912599987173,42.37430599973832,-71.13642399987417,42.37476499974523,0.0
2972,2022-10-01 08:15:20,true,40,package4242,false,0,0.0,nil,08:15:20,495.3333333333333,-71.12033699987214,42.38924699973866,-71.12115571246865,42.38945510268139,0.0
2972,2022-10-01 08:15:20,true,40,package8229,false,0,0.0,nil,08:15:20,495.3333333333333,-71.08258999986639,42.364909999723366,-71.0825619998664,42.36595199972334,0.0
2984,2022-10-01 08:17:20,true,40,package255,false,0,0.0,nil,08:17:20,497.3333333333333,-71.12033699987214,42.38924699973866,-71.120061999872,42.38244899973862,0.0
2984,2022-10-01 08:17:20,true,40,package8232,false,0,0.0,nil,08:17:20,497.3333333333333,-71.11822699987184,42.390042999737794,-71.1240231842701,42.38998105054035,0.0
2990,2022-10-01 08:18:20,true,40,package4245,false,0,0.0,nil,08:18:20,498.3333333333333,-71.11912599987173,42.37430599973832,-71.10083908543713,42.37019874907551,0.0
2990,2022-10-01 08:18:20,true,40,package8235,false,0,0.0,nil,08:18:20,498.3333333333333,-71.09046999986747,42.36164899972673,-71.0938452573283,42.357312860602875,0.0
3002,2022-10-01 08:20:20,true,40,package258,false,0,0.0,nil,08:20:20,500.3333333333333,-71.11822699987184,42.390042999737794,-71.12357256131963,42.39028091069443,0.0
3002,2022-10-01 08:20:20,true,40,package4248,false,0,0.0,nil,08:20:20,500.3333333333333,-71.099826999869,42.37339999973048,-71.12602966967766,42.39091339205101,0.0
3002,2022-10-01 08:20:20,true,40,package8238,false,0,0.0,nil,08:20:20,500.3333333333333,-71.08631099986704,42.37165399972484,-71.08271746215878,42.3722799311354,0.0
3008,2022-10-01 08:21:20,true,40,package261,false,0,0.0,nil,08:21:20,501.3333333333333,-71.08258999986639,42.364909999723366,-71.13965999987474,42.38421499974643,0.0
3008,2022-10-01 08:21:20,true,40,package4251,false,0,0.0,nil,08:21:20,501.3333333333333,-71.11966399987202,42.388048999738395,-71.11119336766122,42.375272860081985,0.0
3008,2022-10-01 08:21:20,true,40,package8241,false,0,0.0,nil,08:21:20,501.3333333333333,-71.11998399987198,42.3823979997386,-71.12349699987242,42.378528999740055,0.0
3014,2022-10-01 08:22:20,true,40,package264,false,0,0.0,nil,08:22:20,502.3333333333333,-71.09697399986842,42.36308199972941,-71.09635899986824,42.35876399972921,0.0
3014,2022-10-01 08:22:20,true,40,package267,false,0,0.0,nil,08:22:20,502.3333333333333,-71.11896499987171,42.373370999738285,-71.10994699987042,42.37457199973463,0.0
3014,2022-10-01 08:22:20,true,40,package4254,false,0,0.0,nil,08:22:20,502.3333333333333,-71.10275599986927,42.36503199973178,-71.1402068066716,42.37869948801304,0.0
3014,2022-10-01 08:22:20,true,40,package4257,false,0,0.0,nil,08:22:20,502.3333333333333,-71.0949849998683,42.37338699972846,-71.09963099986882,42.36357899973052,0.0
3014,2022-10-01 08:22:20,true,40,package8244,false,0,0.0,nil,08:22:20,502.3333333333333,-71.11822699987184,42.390042999737794,-71.1353026952334,42.38252730315417,0.0
3020,2022-10-01 08:23:20,true,40,package270,false,0,0.0,nil,08:23:20,503.3333333333333,-71.11896499987171,42.373370999738285,-71.07545299986545,42.37080099972027,0.0
3020,2022-10-01 08:23:20,true,40,package273,false,0,0.0,nil,08:23:20,503.3333333333333,-71.11896499987171,42.373370999738285,-71.08196198546091,42.36831041044846,0.0
3020,2022-10-01 08:23:20,true,40,package4260,false,0,0.0,nil,08:23:20,503.3333333333333,-71.08631099986704,42.37165399972484,-71.0893101372239,42.37197934696132,0.0
3020,2022-10-01 08:23:20,true,40,package4263,false,0,0.0,nil,08:23:20,503.3333333333333,-71.08631099986704,42.37165399972484,-71.08719075595572,42.372730036744045,0.0
3020,2022-10-01 08:23:20,true,40,package8247,false,0,0.0,nil,08:23:20,503.3333333333333,-71.11887699987167,42.37269699973826,-71.11631324592337,42.3724186533453,0.0
3020,2022-10-01 08:23:20,true,40,package8250,false,0,0.0,nil,08:23:20,503.3333333333333,-71.11912599987173,42.37430599973832,-71.08260225846688,42.37043872940466,0.0
3026,2022-10-01 08:24:20,true,40,package276,false,0,0.0,nil,08:24:20,504.3333333333333,-71.13143299987358,42.38238199974317,-71.11139999987059,42.36962799973527,0.0
3026,2022-10-01 08:24:20,true,40,package279,false,0,0.0,nil,08:24:20,504.3333333333333,-71.09697399986842,42.36308199972941,-71.09371599986792,42.36021699972809,0.0
3026,2022-10-01 08:24:20,true,40,package4266,false,0,0.0,nil,08:24:20,504.3333333333333,-71.08631099986704,42.37165399972484,-71.09035096816272,42.3708135382007,0.0
3026,2022-10-01 08:24:20,true,40,package4269,false,0,0.0,nil,08:24:20,504.3333333333333,-71.11822699987184,42.390042999737794,-71.11806075884921,42.38887809653749,0.0
3026,2022-10-01 08:24:20,true,40,package8253,false,0,0.0,nil,08:24:20,504.3333333333333,-71.08165499986636,42.37147599972288,-71.0938452573283,42.357312860602875,0.0
3026,2022-10-01 08:24:20,true,40,package8256,false,0,0.0,nil,08:24:20,504.3333333333333,-71.0949849998683,42.37338699972846,-71.10652352915814,42.35908764642968,0.0
3038,2022-10-01 08:26:20,true,40,package282,false,0,0.0,nil,08:26:20,506.3333333333333,-71.08258999986639,42.364909999723366,-71.0863289451801,42.37015416871385,0.0
3038,2022-10-01 08:26:20,true,40,package4272,false,0,0.0,nil,08:26:20,506.3333333333333,-71.09656499986832,42.36078899972927,-71.10119999986902,42.36354899973115,0.0
3038,2022-10-01 08:26:20,true,40,package8259,false,0,0.0,nil,08:26:20,506.3333333333333,-71.099826999869,42.37339999973048,-71.1019989998692,42.367604999731434,0.0
3044,2022-10-01 08:27:20,true,40,package285,false,0,0.0,nil,08:27:20,507.3333333333333,-71.09697399986842,42.36308199972941,-71.09500099986813,42.3622759997286,0.0
3044,2022-10-01 08:27:20,true,40,package8262,false,0,0.0,nil,08:27:20,507.3333333333333,-71.11988699987198,42.38352499973854,-71.11778999987168,42.382424999737694,0.0
3050,2022-10-01 08:28:20,true,40,package288,false,0,0.0,nil,08:28:20,508.3333333333333,-71.0929459998678,42.35911299972779,-71.13190899987387,42.39840499974319,0.0
3050,2022-10-01 08:28:20,true,40,package4275,false,0,0.0,nil,08:28:20,508.3333333333333,-71.08165499986636,42.37147599972288,-71.08719075595572,42.372730036744045,0.0
3050,2022-10-01 08:28:20,true,40,package4278,false,0,0.0,nil,08:28:20,508.3333333333333,-71.08609299986682,42.36068399972489,-71.09635899986824,42.35876399972921,0.0
3050,2022-10-01 08:28:20,true,40,package8265,false,0,0.0,nil,08:28:20,508.3333333333333,-71.13218599987393,42.39869699974327,-71.12459075055249,42.39165921401182,0.0
3056,2022-10-01 08:29:20,true,40,package291,false,0,0.0,nil,08:29:20,509.3333333333333,-71.09697399986842,42.36308199972941,-71.09878599986867,42.362220999730205,0.0
3056,2022-10-01 08:29:20,true,40,package4281,false,0,0.0,nil,08:29:20,509.3333333333333,-71.08258999986639,42.364909999723366,-71.08137899986622,42.36436899972288,0.0
3056,2022-10-01 08:29:20,true,40,package8268,false,0,0.0,nil,08:29:20,509.3333333333333,-71.11896499987171,42.373370999738285,-71.10064292030384,42.372747754214785,0.0
3062,2022-10-01 08:30:20,true,40,package294,false,0,0.0,nil,08:30:20,510.3333333333333,-71.0882169998671,42.3591759997258,-71.12891654616752,42.39826250236089,0.0
3062,2022-10-01 08:30:20,true,40,package4284,false,0,0.0,nil,08:30:20,510.3333333333333,-71.08258999986639,42.364909999723366,-71.08702899986703,42.36500299972525,0.0
3062,2022-10-01 08:30:20,true,40,package8271,false,0,0.0,nil,08:30:20,510.3333333333333,-71.11982699987199,42.38395799973851,-71.1204223515731,42.38381442371762,0.0
3062,2022-10-01 08:30:20,true,40,package8274,false,0,0.0,nil,08:30:20,510.3333333333333,-71.09015699986746,42.36555099972654,-71.07772999986575,42.36819299972128,0.0
3068,2022-10-01 08:31:20,true,40,package297,false,0,0.0,nil,08:31:20,511.3333333333333,-71.0882169998671,42.3591759997258,-71.10131495199074,42.36487736134438,0.0
3068,2022-10-01 08:31:20,true,40,package4287,false,0,0.0,nil,08:31:20,511.3333333333333,-71.09046999986747,42.36164899972673,-71.10827056405402,42.36101898987739,0.0
3074,2022-10-01 08:32:20,true,40,package300,false,0,0.0,nil,08:32:20,512.3333333333334,-71.10275599986927,42.36503199973178,-71.13520935273851,42.38189201386818,0.0
3074,2022-10-01 08:32:20,true,40,package8277,false,0,0.0,nil,08:32:20,512.3333333333334,-71.07443899986527,42.367182999719894,-71.11829199987189,42.3899979997378,0.0
3080,2022-10-01 08:33:20,true,40,package303,false,0,0.0,nil,08:33:20,513.3333333333334,-71.11139999987059,42.36962799973527,-71.109999230215,42.370684435702216,0.0
3080,2022-10-01 08:33:20,true,40,package4290,false,0,0.0,nil,08:33:20,513.3333333333334,-71.11822699987184,42.390042999737794,-71.10551245822707,42.37054455543783,0.0
3080,2022-10-01 08:33:20,true,40,package4293,false,0,0.0,nil,08:33:20,513.3333333333334,-71.11896499987171,42.373370999738285,-71.1196469998718,42.37390199973855,0.0
3080,2022-10-01 08:33:20,true,40,package8280,false,0,0.0,nil,08:33:20,513.3333333333334,-71.12033699987214,42.38924699973866,-71.1266989998731,42.39458799974114,0.0
3080,2022-10-01 08:33:20,true,40,package8283,false,0,0.0,nil,08:33:20,513.3333333333334,-71.0881049998673,42.3722669997256,-71.09029614431306,42.37297742282682,0.0
3086,2022-10-01 08:34:20,true,40,package306,false,0,0.0,nil,08:34:20,514.3333333333334,-71.0949849998683,42.37338699972846,-71.09864599986867,42.36261099973012,0.0
3086,2022-10-01 08:34:20,true,40,package309,false,0,0.0,nil,08:34:20,514.3333333333334,-71.09015699986746,42.36555099972654,-71.10241482239684,42.36078707641796,0.0
3086,2022-10-01 08:34:20,true,40,package4296,false,0,0.0,nil,08:34:20,514.3333333333334,-71.06882399986448,42.36985899971745,-71.1184339998716,42.37241099973809,0.0
3086,2022-10-01 08:34:20,true,40,package8286,false,0,0.0,nil,08:34:20,514.3333333333334,-71.08258999986639,42.364909999723366,-71.1089475998703,42.3748306997342,0.0
3092,2022-10-01 08:35:20,true,40,package312,false,0,0.0,nil,08:35:20,515.3333333333334,-71.11887699987167,42.37269699973826,-71.10862698946217,42.37181847219458,0.0
3092,2022-10-01 08:35:20,true,40,package4299,false,0,0.0,nil,08:35:20,515.3333333333334,-71.0881049998673,42.3722669997256,-71.0943109998682,42.372769999728185,0.0
3092,2022-10-01 08:35:20,true,40,package8289,false,0,0.0,nil,08:35:20,515.3333333333334,-71.11912599987173,42.37430599973832,-71.11014941734653,42.371335857841466,0.0
3098,2022-10-01 08:36:20,true,40,package4302,false,0,0.0,nil,08:36:20,516.3333333333334,-71.11982699987199,42.38395799973851,-71.120061999872,42.38244899973862,0.0
3104,2022-10-01 08:37:20,true,40,package315,false,0,0.0,nil,08:37:20,517.3333333333334,-71.11912599987173,42.37430599973832,-71.1229789998723,42.37663499973985,0.0
3104,2022-10-01 08:37:20,true,40,package318,false,0,0.0,nil,08:37:20,517.3333333333334,-71.11822699987184,42.390042999737794,-71.07758876260107,42.36549809200936,0.0
3104,2022-10-01 08:37:20,true,40,package4305,false,0,0.0,nil,08:37:20,517.3333333333334,-71.09697399986842,42.36308199972941,-71.15062999987614,42.37494699975079,0.0
3104,2022-10-01 08:37:20,true,40,package4308,false,0,0.0,nil,08:37:20,517.3333333333334,-71.11139999987059,42.36962799973527,-71.11942099987174,42.37134999973849,0.0
3104,2022-10-01 08:37:20,true,40,package8292,false,0,0.0,nil,08:37:20,517.3333333333334,-71.11912599987173,42.37430599973832,-71.12507678223486,42.37536404738131,0.0
3104,2022-10-01 08:37:20,true,40,package8295,false,0,0.0,nil,08:37:20,517.3333333333334,-71.09784299986865,42.367946999729725,-71.09760739681342,42.36650205966793,0.0
3110,2022-10-01 08:38:20,true,40,package8298,false,0,0.0,nil,08:38:20,518.3333333333334,-71.11896499987171,42.373370999738285,-71.11181147599791,42.375424828999805,0.0
3116,2022-10-01 08:39:20,true,40,package321,false,0,0.0,nil,08:39:20,519.3333333333334,-71.099826999869,42.37339999973048,-71.10522636810121,42.372337429293246,0.0
3116,2022-10-01 08:39:20,true,40,package4311,false,0,0.0,nil,08:39:20,519.3333333333334,-71.11896499987171,42.373370999738285,-71.13322597762163,42.39870319658661,0.0
3122,2022-10-01 08:40:20,true,40,package324,false,0,0.0,nil,08:40:20,520.3333333333334,-71.11982699987199,42.38395799973851,-71.13679617695429,42.38423161329378,0.0
3122,2022-10-01 08:40:20,true,40,package4314,false,0,0.0,nil,08:40:20,520.3333333333334,-71.11139999987059,42.36962799973527,-71.07729999986572,42.37058199972106,0.0
3122,2022-10-01 08:40:20,true,40,package8301,false,0,0.0,nil,08:40:20,520.3333333333334,-71.11896499987171,42.373370999738285,-71.11825599987158,42.37200699973802,0.0
3122,2022-10-01 08:40:20,true,40,package8304,false,0,0.0,nil,08:40:20,520.3333333333334,-71.11822699987184,42.390042999737794,-71.12206644257262,42.39195603563887,0.0
3128,2022-10-01 08:41:20,true,40,package327,false,0,0.0,nil,08:41:20,521.3333333333334,-71.10275599986927,42.36503199973178,-71.10456899986951,42.36319099973255,0.0
3134,2022-10-01 08:42:20,true,40,package4317,false,0,0.0,nil,08:42:20,522.3333333333334,-71.12033699987214,42.38924699973866,-71.1204223515731,42.38381442371762,0.0
3134,2022-10-01 08:42:20,true,40,package8307,false,0,0.0,nil,08:42:20,522.3333333333334,-71.12033699987214,42.38924699973866,-71.12281777696474,42.38414350897203,0.0
3140,2022-10-01 08:43:20,true,40,package330,false,0,0.0,nil,08:43:20,523.3333333333334,-71.10275599986927,42.36503199973178,-71.10456899986951,42.36319099973255,0.0
3140,2022-10-01 08:43:20,true,40,package4320,false,0,0.0,nil,08:43:20,523.3333333333334,-71.11139999987059,42.36962799973527,-71.1199399998718,42.372068999738694,0.0
3146,2022-10-01 08:44:20,true,40,package333,false,0,0.0,nil,08:44:20,524.3333333333334,-71.11896499987171,42.373370999738285,-71.11488169008439,42.38271316562925,0.0
3146,2022-10-01 08:44:20,true,40,package8310,false,0,0.0,nil,08:44:20,524.3333333333334,-71.11896499987171,42.373370999738285,-71.109483728947,42.37174220096534,0.0
3152,2022-10-01 08:45:20,true,40,package4323,false,0,0.0,nil,08:45:20,525.3333333333334,-71.11957699987198,42.386093999738385,-71.119628999872,42.38790499973838,0.0
3158,2022-10-01 08:46:20,true,40,package336,false,0,0.0,nil,08:46:20,526.3333333333334,-71.11912599987173,42.37430599973832,-71.10519299986944,42.353845999732904,0.0
3158,2022-10-01 08:46:20,true,40,package8313,false,0,0.0,nil,08:46:20,526.3333333333334,-71.09697399986842,42.36308199972941,-71.10891975423573,42.36020522763191,0.0
3164,2022-10-01 08:47:20,true,40,package339,false,0,0.0,nil,08:47:20,527.3333333333334,-71.08258999986639,42.364909999723366,-71.0821089998663,42.36293399972318,0.0
3164,2022-10-01 08:47:20,true,40,package4326,false,0,0.0,nil,08:47:20,527.3333333333334,-71.11822699987184,42.390042999737794,-71.12033699987214,42.38924699973866,0.0
3164,2022-10-01 08:47:20,true,40,package8316,false,0,0.0,nil,08:47:20,527.3333333333334,-71.0949849998683,42.37338699972846,-71.0989241796652,42.36709356558938,0.0
3170,2022-10-01 08:48:20,true,40,package342,false,0,0.0,nil,08:48:20,528.3333333333334,-71.08258999986639,42.364909999723366,-71.07729999986572,42.37058199972106,0.0
3170,2022-10-01 08:48:20,true,40,package4329,false,0,0.0,nil,08:48:20,528.3333333333334,-71.099826999869,42.37339999973048,-71.09732793870442,42.36902772159678,0.0
3170,2022-10-01 08:48:20,true,40,package8319,false,0,0.0,nil,08:48:20,528.3333333333334,-71.11912599987173,42.37430599973832,-71.10800699986989,42.35640899973403,0.0
3176,2022-10-01 08:49:20,true,40,package4332,false,0,0.0,nil,08:49:20,529.3333333333334,-71.08165499986636,42.37147599972288,-71.07877301602849,42.37299739661152,0.0
3176,2022-10-01 08:49:20,true,40,package8322,false,0,0.0,nil,08:49:20,529.3333333333334,-71.11896499987171,42.373370999738285,-71.1080292282892,42.371635124293036,0.0
3182,2022-10-01 08:50:20,true,40,package345,false,0,0.0,nil,08:50:20,530.3333333333334,-71.11822699987184,42.390042999737794,-71.12409015028912,42.390668776440386,0.0
3182,2022-10-01 08:50:20,true,40,package348,false,0,0.0,nil,08:50:20,530.3333333333334,-71.11671299987137,42.37143599973739,-71.1202809998719,42.374238999738814,0.0
3182,2022-10-01 08:50:20,true,40,package351,false,0,0.0,nil,08:50:20,530.3333333333334,-71.099826999869,42.37339999973048,-71.09784299986865,42.367946999729725,0.0
3182,2022-10-01 08:50:20,true,40,package4335,false,0,0.0,nil,08:50:20,530.3333333333334,-71.11912599987173,42.37430599973832,-71.11960499987198,42.3860819997384,0.0
3182,2022-10-01 08:50:20,true,40,package4338,false,0,0.0,nil,08:50:20,530.3333333333334,-71.099826999869,42.37339999973048,-71.09779099986862,42.36825999972968,0.0
3182,2022-10-01 08:50:20,true,40,package4341,false,0,0.0,nil,08:50:20,530.3333333333334,-71.099826999869,42.37339999973048,-71.09578999986833,42.36652299972887,0.0
3182,2022-10-01 08:50:20,true,40,package8325,false,0,0.0,nil,08:50:20,530.3333333333334,-71.08258999986639,42.364909999723366,-71.09003999986753,42.36864299972644,0.0
3182,2022-10-01 08:50:20,true,40,package8328,false,0,0.0,nil,08:50:20,530.3333333333334,-71.099826999869,42.37339999973048,-71.09784299986865,42.367946999729725,0.0
3188,2022-10-01 08:51:20,true,40,package8331,false,0,0.0,nil,08:51:20,531.3333333333334,-71.08258999986639,42.364909999723366,-71.10726099987012,42.37794599973347,0.0
3194,2022-10-01 08:52:20,true,40,package354,false,0,0.0,nil,08:52:20,532.3333333333334,-71.0929459998678,42.35911299972779,-71.07200099986495,42.36991099971881,0.0
3194,2022-10-01 08:52:20,true,40,package357,false,0,0.0,nil,08:52:20,532.3333333333334,-71.08609299986682,42.36068399972489,-71.0938452573283,42.357312860602875,0.0
3194,2022-10-01 08:52:20,true,40,package4344,false,0,0.0,nil,08:52:20,532.3333333333334,-71.0929459998678,42.35911299972779,-71.0861119914994,42.3724559987498,0.0
3194,2022-10-01 08:52:20,true,40,package4347,false,0,0.0,nil,08:52:20,532.3333333333334,-71.09656499986832,42.36078899972927,-71.10531499986966,42.36606599973281,0.0
3194,2022-10-01 08:52:20,true,40,package8334,false,0,0.0,nil,08:52:20,532.3333333333334,-71.11966399987202,42.388048999738395,-71.13459799987429,42.40001399974421,0.0
3200,2022-10-01 08:53:20,true,40,package360,false,0,0.0,nil,08:53:20,533.3333333333334,-71.11822699987184,42.390042999737794,-71.11743799987146,42.37121899973769,0.0
3200,2022-10-01 08:53:20,true,40,package4350,false,0,0.0,nil,08:53:20,533.3333333333334,-71.14909599987594,42.37545099975018,-71.10819572657905,42.36239582238709,0.0
3200,2022-10-01 08:53:20,true,40,package8337,false,0,0.0,nil,08:53:20,533.3333333333334,-71.09656499986832,42.36078899972927,-71.07993899986614,42.37295499972215,0.0
3200,2022-10-01 08:53:20,true,40,package8340,false,0,0.0,nil,08:53:20,533.3333333333334,-71.11896499987171,42.373370999738285,-71.11743799987146,42.37121899973769,0.0
3206,2022-10-01 08:54:20,true,40,package363,false,0,0.0,nil,08:54:20,534.3333333333334,-71.11988699987198,42.38352499973854,-71.120061999872,42.38244899973862,0.0
3206,2022-10-01 08:54:20,true,40,package4353,false,0,0.0,nil,08:54:20,534.3333333333334,-71.09697399986842,42.36308199972941,-71.0938452573283,42.357312860602875,0.0
3212,2022-10-01 08:55:20,true,40,package8343,false,0,0.0,nil,08:55:20,535.3333333333334,-71.11139999987059,42.36962799973527,-71.10994699987042,42.37457199973463,0.0
3218,2022-10-01 08:56:20,true,40,package366,false,0,0.0,nil,08:56:20,536.3333333333334,-71.08258999986639,42.364909999723366,-71.10133199986902,42.360992999731245,0.0
3218,2022-10-01 08:56:20,true,40,package4356,false,0,0.0,nil,08:56:20,536.3333333333334,-71.08258999986639,42.364909999723366,-71.11743799987146,42.37121899973769,0.0
3218,2022-10-01 08:56:20,true,40,package8346,false,0,0.0,nil,08:56:20,536.3333333333334,-71.08165499986636,42.37147599972288,-71.08742999986701,42.360622999725464,0.0
3224,2022-10-01 08:57:20,true,40,package369,false,0,0.0,nil,08:57:20,537.3333333333334,-71.08258999986639,42.364909999723366,-71.12193672702738,42.378387190724595,0.0
3224,2022-10-01 08:57:20,true,40,package4359,false,0,0.0,nil,08:57:20,537.3333333333334,-71.11139999987059,42.36962799973527,-71.11370899987091,42.37044099973618,0.0
3230,2022-10-01 08:58:20,true,40,package372,false,0,0.0,nil,08:58:20,538.3333333333334,-71.0881049998673,42.3722669997256,-71.10783667197289,42.36328109540429,0.0
3230,2022-10-01 08:58:20,true,40,package8349,false,0,0.0,nil,08:58:20,538.3333333333334,-71.1268949998731,42.394751999741224,-71.13026614625055,42.399614861096445,0.0
3248,2022-10-01 09:01:20,true,40,package4362,false,0,0.0,nil,09:01:20,541.3333333333334,-71.11073599987053,42.37296799973496,-71.09784299986865,42.367946999729725,0.0
3248,2022-10-01 09:01:20,true,40,package8352,false,0,0.0,nil,09:01:20,541.3333333333334,-71.0820969998663,42.36439299972318,-71.08137899986622,42.36436899972288,0.0
3254,2022-10-01 09:02:20,true,40,package375,false,0,0.0,nil,09:02:20,542.3333333333334,-71.07932299986598,42.36852999972195,-71.08505004838662,42.369762975702024,0.0
3254,2022-10-01 09:02:20,true,40,package4365,false,0,0.0,nil,09:02:20,542.3333333333334,-71.0820969998663,42.36439299972318,-71.08292992729686,42.37155974846703,0.0
3260,2022-10-01 09:03:20,true,40,package378,false,0,0.0,nil,09:03:20,543.3333333333334,-71.12020599987189,42.371806999738816,-71.11743799987146,42.37121899973769,0.0
3260,2022-10-01 09:03:20,true,40,package8355,false,0,0.0,nil,09:03:20,543.3333333333334,-71.11822699987184,42.390042999737794,-71.12353799987247,42.38267299974002,0.0
3266,2022-10-01 09:04:20,true,40,package4368,false,0,0.0,nil,09:04:20,544.3333333333334,-71.11822699987184,42.390042999737794,-71.1266989998731,42.39458799974114,0.0
3266,2022-10-01 09:04:20,true,40,package8358,false,0,0.0,nil,09:04:20,544.3333333333334,-71.13143799987358,42.38248199974317,-71.12576030008313,42.39235603308276,0.0
3272,2022-10-01 09:05:20,true,40,package381,false,0,0.0,nil,09:05:20,545.3333333333334,-71.09046999986747,42.36164899972673,-71.09723483909569,42.364949877186525,0.0
3278,2022-10-01 09:06:20,true,40,package4371,false,0,0.0,nil,09:06:20,546.3333333333334,-71.11872199987164,42.3730759997382,-71.10806726287092,42.37348617785202,0.0
3284,2022-10-01 09:07:20,true,40,package384,false,0,0.0,nil,09:07:20,547.3333333333334,-71.11982999987201,42.38448799973849,-71.13476163737579,42.38235910310524,0.0
3284,2022-10-01 09:07:20,true,40,package8361,false,0,0.0,nil,09:07:20,547.3333333333334,-71.07443899986527,42.367182999719894,-71.10359199986942,42.36569499973211,0.0
3290,2022-10-01 09:08:20,true,40,package387,false,0,0.0,nil,09:08:20,548.3333333333334,-71.08599399986682,42.360212999724865,-71.08742999986701,42.360622999725464,0.0
3290,2022-10-01 09:08:20,true,40,package4374,false,0,0.0,nil,09:08:20,548.3333333333334,-71.11207799987066,42.36941099973555,-71.12241499987225,42.37792999973961,0.0
3290,2022-10-01 09:08:20,true,40,package8364,false,0,0.0,nil,09:08:20,548.3333333333334,-71.0949849998683,42.37338699972846,-71.10800699986989,42.35640899973403,0.0
3296,2022-10-01 09:09:20,true,40,package4377,false,0,0.0,nil,09:09:20,549.3333333333334,-71.08609299986682,42.36068399972489,-71.10416809986961,42.37425079973224,0.0
3308,2022-10-01 09:11:20,true,40,package390,false,0,0.0,nil,09:11:20,551.3333333333334,-71.12064199987195,42.37349299973897,-71.09937499986891,42.37274599973029,0.0
3308,2022-10-01 09:11:20,true,40,package8367,false,0,0.0,nil,09:11:20,551.3333333333334,-71.08609299986682,42.36068399972489,-71.13986581207645,42.38320140577132,0.0
3314,2022-10-01 09:12:20,true,40,package4380,false,0,0.0,nil,09:12:20,552.3333333333334,-71.11912599987173,42.37430599973832,-71.13877172506398,42.38216579627903,0.0
3314,2022-10-01 09:12:20,true,40,package8370,false,0,0.0,nil,09:12:20,552.3333333333334,-71.0949849998683,42.37338699972846,-71.13580999987401,42.37217999974501,0.0
3320,2022-10-01 09:13:20,true,40,package393,false,0,0.0,nil,09:13:20,553.3333333333334,-71.08609299986682,42.36068399972489,-71.09979999986882,42.36251599973058,0.0
3332,2022-10-01 09:15:20,true,40,package4383,false,0,0.0,nil,09:15:20,555.3333333333334,-71.08599399986682,42.360212999724865,-71.09635899986824,42.35876399972921,0.0
3332,2022-10-01 09:15:20,true,40,package8373,false,0,0.0,nil,09:15:20,555.3333333333334,-71.10085699986897,42.364024999731015,-71.09784299986865,42.367946999729725,0.0
3338,2022-10-01 09:16:20,true,40,package396,false,0,0.0,nil,09:16:20,556.3333333333334,-71.08233299986635,42.365243999723255,-71.11206799987069,42.36987899973553,0.0
3338,2022-10-01 09:16:20,true,40,package4386,false,0,0.0,nil,09:16:20,556.3333333333334,-71.11897699987169,42.37244099973829,-71.0811059998662,42.36583299972273,0.0
3344,2022-10-01 09:17:20,true,40,package399,false,0,0.0,nil,09:17:20,557.3333333333334,-71.11912599987173,42.37430599973832,-71.0741029998653,42.371712999719676,0.0
3344,2022-10-01 09:17:20,true,40,package8376,false,0,0.0,nil,09:17:20,557.3333333333334,-71.11073599987053,42.37296799973496,-71.07327511940144,42.369917808488715,0.0
3350,2022-10-01 09:18:20,true,40,package402,false,0,0.0,nil,09:18:20,558.3333333333334,-71.10884399987017,42.36821099973423,-71.09635899986824,42.35876399972921,0.0
3350,2022-10-01 09:18:20,true,40,package4389,false,0,0.0,nil,09:18:20,558.3333333333334,-71.10085699986897,42.364024999731015,-71.11929699987175,42.37323999973842,0.0
3350,2022-10-01 09:18:20,true,40,package8379,false,0,0.0,nil,09:18:20,558.3333333333334,-71.11897699987169,42.37244099973829,-71.11344499987091,42.372415999736056,0.0
3356,2022-10-01 09:19:20,true,40,package4392,false,0,0.0,nil,09:19:20,559.3333333333334,-71.09582299986822,42.361097999728976,-71.10013699986885,42.36218299973075,0.0
3356,2022-10-01 09:19:20,true,40,package8382,false,0,0.0,nil,09:19:20,559.3333333333334,-71.0798199998661,42.372245999722104,-71.11829199987162,42.37218099973803,0.0
3362,2022-10-01 09:20:20,true,40,package405,false,0,0.0,nil,09:20:20,560.3333333333334,-71.11872199987164,42.3730759997382,-71.10076327234944,42.364546728700574,0.0
3362,2022-10-01 09:20:20,true,40,package4395,false,0,0.0,nil,09:20:20,560.3333333333334,-71.11897699987169,42.37244099973829,-71.10106774473691,42.36524217779997,0.0
3362,2022-10-01 09:20:20,true,40,package8385,false,0,0.0,nil,09:20:20,560.3333333333334,-71.09046999986747,42.36164899972673,-71.08384421039216,42.364672402906564,0.0
3368,2022-10-01 09:21:20,true,40,package408,false,0,0.0,nil,09:21:20,561.3333333333334,-71.09046999986747,42.36164899972673,-71.08742999986701,42.360622999725464,0.0
3368,2022-10-01 09:21:20,true,40,package411,false,0,0.0,nil,09:21:20,561.3333333333334,-71.09046999986747,42.36164899972673,-71.11145530353524,42.357570829911985,0.0
3368,2022-10-01 09:21:20,true,40,package414,false,0,0.0,nil,09:21:20,561.3333333333334,-71.06882399986448,42.36985899971745,-71.09003999986753,42.36864299972644,0.0
3368,2022-10-01 09:21:20,true,40,package4398,false,0,0.0,nil,09:21:20,561.3333333333334,-71.08233299986635,42.365243999723255,-71.07499299986534,42.36677799972012,0.0
3368,2022-10-01 09:21:20,true,40,package4401,false,0,0.0,nil,09:21:20,561.3333333333334,-71.09387999986798,42.362781999728135,-71.07595299986549,42.36835099972051,0.0
3368,2022-10-01 09:21:20,true,40,package4404,false,0,0.0,nil,09:21:20,561.3333333333334,-71.07156199986487,42.36771299971865,-71.08045639986616,42.3693509997224,0.0
3368,2022-10-01 09:21:20,true,40,package8388,false,0,0.0,nil,09:21:20,561.3333333333334,-71.07932299986598,42.36852999972195,-71.07499299986534,42.36677799972012,0.0
3368,2022-10-01 09:21:20,true,40,package8391,false,0,0.0,nil,09:21:20,561.3333333333334,-71.099826999869,42.37339999973048,-71.08867265796043,42.372732314150845,0.0
3374,2022-10-01 09:22:20,true,40,package417,false,0,0.0,nil,09:22:20,562.3333333333334,-71.08598099986683,42.36131699972484,-71.11089029987033,42.359209899735184,0.0
3374,2022-10-01 09:22:20,true,40,package4407,false,0,0.0,nil,09:22:20,562.3333333333334,-71.10273799986928,42.36513799973177,-71.10862698946217,42.37181847219458,0.0
3374,2022-10-01 09:22:20,true,40,package8394,false,0,0.0,nil,09:22:20,562.3333333333334,-71.08609299986682,42.36068399972489,-71.10327399986919,42.35498799973213,0.0
3374,2022-10-01 09:22:20,true,40,package8397,false,0,0.0,nil,09:22:20,562.3333333333334,-71.11822699987184,42.390042999737794,-71.1167039998715,42.38235699973727,0.0
3380,2022-10-01 09:23:20,true,40,package420,false,0,0.0,nil,09:23:20,563.3333333333334,-71.09046999986747,42.36164899972673,-71.10250277741109,42.355283728070276,0.0
3380,2022-10-01 09:23:20,true,40,package423,false,0,0.0,nil,09:23:20,563.3333333333334,-71.11897699987169,42.37244099973829,-71.11235404165086,42.35677256207744,0.0
3380,2022-10-01 09:23:20,true,40,package4410,false,0,0.0,nil,09:23:20,563.3333333333334,-71.11872199987164,42.3730759997382,-71.1159112184156,42.37007880845461,0.0
3380,2022-10-01 09:23:20,true,40,package8400,false,0,0.0,nil,09:23:20,563.3333333333334,-71.0820969998663,42.36439299972318,-71.09746039081209,42.37369028487787,0.0
3386,2022-10-01 09:24:20,true,40,package4413,false,0,0.0,nil,09:24:20,564.3333333333334,-71.08609299986682,42.36068399972489,-71.11542099987118,42.37188099973689,0.0
3386,2022-10-01 09:24:20,true,40,package8403,false,0,0.0,nil,09:24:20,564.3333333333334,-71.1149389998709,42.357995999736836,-71.13303560436897,42.37566090418973,0.0
3392,2022-10-01 09:25:20,true,40,package426,false,0,0.0,nil,09:25:20,565.3333333333334,-71.07779399986579,42.36981699972128,-71.10327399986919,42.35498799973213,0.0
3398,2022-10-01 09:26:20,true,40,package429,false,0,0.0,nil,09:26:20,566.3333333333334,-71.10373399986943,42.365674999732164,-71.1078533979398,42.367394384783154,0.0
3398,2022-10-01 09:26:20,true,40,package4416,false,0,0.0,nil,09:26:20,566.3333333333334,-71.09046999986747,42.36164899972673,-71.09432099986799,42.36018499972835,0.0
3398,2022-10-01 09:26:20,true,40,package4419,false,0,0.0,nil,09:26:20,566.3333333333334,-71.10373399986943,42.365674999732164,-71.1078533979398,42.367394384783154,0.0
3398,2022-10-01 09:26:20,true,40,package8406,false,0,0.0,nil,09:26:20,566.3333333333334,-71.11073599987053,42.37296799973496,-71.11267699987076,42.370115999735795,0.0
3404,2022-10-01 09:27:20,true,40,package432,false,0,0.0,nil,09:27:20,567.3333333333334,-71.11694499987141,42.37270799973749,-71.09072836785455,42.369718934081455,0.0
3404,2022-10-01 09:27:20,true,40,package8409,false,0,0.0,nil,09:27:20,567.3333333333334,-71.0846259998668,42.37148299972416,-71.08775777124067,42.370601277913316,0.0
3410,2022-10-01 09:28:20,true,40,package435,false,0,0.0,nil,09:28:20,568.3333333333334,-71.09015699986746,42.36555099972654,-71.10800699986989,42.35640899973403,0.0
3410,2022-10-01 09:28:20,true,40,package4422,false,0,0.0,nil,09:28:20,568.3333333333334,-71.08233299986635,42.365243999723255,-71.10657701753543,42.37127167330206,0.0
3410,2022-10-01 09:28:20,true,40,package8412,false,0,0.0,nil,09:28:20,568.3333333333334,-71.11937199987199,42.389414999738264,-71.1089475998703,42.3748306997342,0.0
3416,2022-10-01 09:29:20,true,40,package438,false,0,0.0,nil,09:29:20,569.3333333333334,-71.10085699986897,42.364024999731015,-71.1328358624648,42.38209823285233,0.0
3416,2022-10-01 09:29:20,true,40,package4425,false,0,0.0,nil,09:29:20,569.3333333333334,-71.11694499987141,42.37270799973749,-71.13288406403858,42.38257468008016,0.0
3416,2022-10-01 09:29:20,true,40,package8415,false,0,0.0,nil,09:29:20,569.3333333333334,-71.09387999986798,42.362781999728135,-71.13476163737579,42.38235910310524,0.0
3422,2022-10-01 09:30:20,true,40,package441,false,0,0.0,nil,09:30:20,570.3333333333334,-71.11073599987053,42.37296799973496,-71.11462467130085,42.36576048206618,0.0
3422,2022-10-01 09:30:20,true,40,package4428,false,0,0.0,nil,09:30:20,570.3333333333334,-71.10273799986928,42.36513799973177,-71.12065985581827,42.37924368233442,0.0
3422,2022-10-01 09:30:20,true,40,package4431,false,0,0.0,nil,09:30:20,570.3333333333334,-71.11694499987141,42.37270799973749,-71.12970112145697,42.38254280758522,0.0
3422,2022-10-01 09:30:20,true,40,package8418,false,0,0.0,nil,09:30:20,570.3333333333334,-71.10273799986928,42.36513799973177,-71.12241499987225,42.37792999973961,0.0
3428,2022-10-01 09:31:20,true,40,package444,false,0,0.0,nil,09:31:20,571.3333333333334,-71.0798199998661,42.372245999722104,-71.121232999872,42.37425699973919,0.0
3428,2022-10-01 09:31:20,true,40,package4434,false,0,0.0,nil,09:31:20,571.3333333333334,-71.08598099986683,42.36131699972484,-71.10327399986919,42.35498799973213,0.0
3428,2022-10-01 09:31:20,true,40,package8421,false,0,0.0,nil,09:31:20,571.3333333333334,-71.08599399986682,42.360212999724865,-71.0938452573283,42.357312860602875,0.0
3434,2022-10-01 09:32:20,true,40,package447,false,0,0.0,nil,09:32:20,572.3333333333334,-71.09656499986832,42.36078899972927,-71.10734297223352,42.363676066256964,0.0
3434,2022-10-01 09:32:20,true,40,package4437,false,0,0.0,nil,09:32:20,572.3333333333334,-71.11957699987198,42.386093999738385,-71.12456245552873,42.390964329713036,0.0
3434,2022-10-01 09:32:20,true,40,package8424,false,0,0.0,nil,09:32:20,572.3333333333334,-71.09656499986832,42.36078899972927,-71.0949849998683,42.37338699972846,0.0
3434,2022-10-01 09:32:20,true,40,package8427,false,0,0.0,nil,09:32:20,572.3333333333334,-71.10273799986928,42.36513799973177,-71.08069867707347,42.370617598073736,0.0
3440,2022-10-01 09:33:20,true,40,package450,false,0,0.0,nil,09:33:20,573.3333333333334,-71.09656499986832,42.36078899972927,-71.10892311533354,42.35821031656365,0.0
3440,2022-10-01 09:33:20,true,40,package4440,false,0,0.0,nil,09:33:20,573.3333333333334,-71.11966399987202,42.388048999738395,-71.11970332062752,42.38988131134742,0.0
3440,2022-10-01 09:33:20,true,40,package8430,false,0,0.0,nil,09:33:20,573.3333333333334,-71.08233299986635,42.365243999723255,-71.10037772273178,42.36620432765189,0.0
3446,2022-10-01 09:34:20,true,40,package453,false,0,0.0,nil,09:34:20,574.3333333333334,-71.0846259998668,42.37148299972416,-71.09815066372941,42.36680949288095,0.0
3452,2022-10-01 09:35:20,true,40,package4443,false,0,0.0,nil,09:35:20,575.3333333333334,-71.09046999986747,42.36164899972673,-71.08483299986665,42.362076999724344,0.0
3452,2022-10-01 09:35:20,true,40,package8433,false,0,0.0,nil,09:35:20,575.3333333333334,-71.09387999986798,42.362781999728135,-71.10869723825525,42.35638015810158,0.0
3458,2022-10-01 09:36:20,true,40,package456,false,0,0.0,nil,09:36:20,576.3333333333334,-71.0949849998683,42.37338699972846,-71.10456899986951,42.36319099973255,0.0
3458,2022-10-01 09:36:20,true,40,package4446,false,0,0.0,nil,09:36:20,576.3333333333334,-71.12020599987189,42.371806999738816,-71.1270195998729,42.37903039974147,0.0
3458,2022-10-01 09:36:20,true,40,package8436,false,0,0.0,nil,09:36:20,576.3333333333334,-71.11375299987101,42.37558599973615,-71.11420219818307,42.36840201324658,0.0
3464,2022-10-01 09:37:20,true,40,package459,false,0,0.0,nil,09:37:20,577.3333333333334,-71.0798199998661,42.372245999722104,-71.08301538276115,42.371217036935754,0.0
3464,2022-10-01 09:37:20,true,40,package4449,false,0,0.0,nil,09:37:20,577.3333333333334,-71.11822699987184,42.390042999737794,-71.11954799987201,42.38936199973832,0.0
3470,2022-10-01 09:38:20,true,40,package8439,false,0,0.0,nil,09:38:20,578.3333333333334,-71.099826999869,42.37339999973048,-71.10416809986961,42.37425079973224,0.0
3476,2022-10-01 09:39:20,true,40,package462,false,0,0.0,nil,09:39:20,579.3333333333334,-71.07540799986546,42.37195999972023,-71.0848750376807,42.36969070195519,0.0
3476,2022-10-01 09:39:20,true,40,package465,false,0,0.0,nil,09:39:20,579.3333333333334,-71.0882169998671,42.3591759997258,-71.10638216055588,42.357401599126646,0.0
3476,2022-10-01 09:39:20,true,40,package4452,false,0,0.0,nil,09:39:20,579.3333333333334,-71.07932299986598,42.36852999972195,-71.08267952096674,42.37161571513906,0.0
3476,2022-10-01 09:39:20,true,40,package4455,false,0,0.0,nil,09:39:20,579.3333333333334,-71.08609299986682,42.36068399972489,-71.10498806721591,42.35997335516525,0.0
3476,2022-10-01 09:39:20,true,40,package8442,false,0,0.0,nil,09:39:20,579.3333333333334,-71.0820969998663,42.36439299972318,-71.08413058571524,42.37124594301278,0.0
3476,2022-10-01 09:39:20,true,40,package8445,false,0,0.0,nil,09:39:20,579.3333333333334,-71.09046999986747,42.36164899972673,-71.10727726135939,42.35537286155172,0.0
3482,2022-10-01 09:40:20,true,40,package468,false,0,0.0,nil,09:40:20,580.3333333333334,-71.0949849998683,42.37338699972846,-71.08687126618904,42.37212869176301,0.0
3482,2022-10-01 09:40:20,true,40,package4458,false,0,0.0,nil,09:40:20,580.3333333333334,-71.0825119998664,42.365878999723336,-71.08483299986665,42.362076999724344,0.0
3482,2022-10-01 09:40:20,true,40,package8448,false,0,0.0,nil,09:40:20,580.3333333333334,-71.09046999986747,42.36164899972673,-71.11004552290758,42.35762667157704,0.0
3488,2022-10-01 09:41:20,true,40,package471,false,0,0.0,nil,09:41:20,581.3333333333334,-71.09046999986747,42.36164899972673,-71.10327399986919,42.35498799973213,0.0
3488,2022-10-01 09:41:20,true,40,package4461,false,0,0.0,nil,09:41:20,581.3333333333334,-71.08599399986682,42.360212999724865,-71.10327399986919,42.35498799973213,0.0
3488,2022-10-01 09:41:20,true,40,package8451,false,0,0.0,nil,09:41:20,581.3333333333334,-71.08599399986682,42.360212999724865,-71.10327399986919,42.35498799973213,0.0
3494,2022-10-01 09:42:20,true,40,package474,false,0,0.0,nil,09:42:20,582.3333333333334,-71.12064199987195,42.37349299973897,-71.11206799987069,42.36987899973553,0.0
3494,2022-10-01 09:42:20,true,40,package4464,false,0,0.0,nil,09:42:20,582.3333333333334,-71.11872199987164,42.3730759997382,-71.08609699986701,42.37195599972476,0.0
3494,2022-10-01 09:42:20,true,40,package8454,false,0,0.0,nil,09:42:20,582.3333333333334,-71.11937199987199,42.389414999738264,-71.12678541427282,42.392330347745435,0.0
3500,2022-10-01 09:43:20,true,40,package477,false,0,0.0,nil,09:43:20,583.3333333333334,-71.10260399986925,42.36497899973171,-71.09178809948077,42.36783953654428,0.0
3500,2022-10-01 09:43:20,true,40,package4467,false,0,0.0,nil,09:43:20,583.3333333333334,-71.10273799986928,42.36513799973177,-71.15324905308123,42.37922866693292,0.0
3506,2022-10-01 09:44:20,true,40,package480,false,0,0.0,nil,09:44:20,584.3333333333334,-71.099826999869,42.37339999973048,-71.08712656211384,42.37211090902624,0.0
3506,2022-10-01 09:44:20,true,40,package8457,false,0,0.0,nil,09:44:20,584.3333333333334,-71.11073599987053,42.37296799973496,-71.1088399998702,42.368957999734235,0.0
3512,2022-10-01 09:45:20,true,40,package483,false,0,0.0,nil,09:45:20,585.3333333333334,-71.11822699987184,42.390042999737794,-71.12225541298463,42.39059015940554,0.0
3512,2022-10-01 09:45:20,true,40,package4470,false,0,0.0,nil,09:45:20,585.3333333333334,-71.11937199987199,42.389414999738264,-71.11893199987195,42.38975599973807,0.0
3512,2022-10-01 09:45:20,true,40,package4473,false,0,0.0,nil,09:45:20,585.3333333333334,-71.11937199987199,42.389414999738264,-71.12089750445782,42.37678098634417,0.0
3512,2022-10-01 09:45:20,true,40,package8460,false,0,0.0,nil,09:45:20,585.3333333333334,-71.11982999987201,42.38448799973849,-71.10908569593076,42.36934158323903,0.0
3518,2022-10-01 09:46:20,true,40,package486,false,0,0.0,nil,09:46:20,586.3333333333334,-71.09046999986747,42.36164899972673,-71.10652352915814,42.35908764642968,0.0
3518,2022-10-01 09:46:20,true,40,package489,false,0,0.0,nil,09:46:20,586.3333333333334,-71.10085699986897,42.364024999731015,-71.1075343096432,42.3572876860938,0.0
3518,2022-10-01 09:46:20,true,40,package492,false,0,0.0,nil,09:46:20,586.3333333333334,-71.0846259998668,42.37148299972416,-71.08275923651263,42.37088643826398,0.0
3518,2022-10-01 09:46:20,true,40,package4476,false,0,0.0,nil,09:46:20,586.3333333333334,-71.08609299986682,42.36068399972489,-71.1075343096432,42.3572876860938,0.0
3518,2022-10-01 09:46:20,true,40,package4479,false,0,0.0,nil,09:46:20,586.3333333333334,-71.09387999986798,42.362781999728135,-71.0938452573283,42.357312860602875,0.0
3518,2022-10-01 09:46:20,true,40,package8463,false,0,0.0,nil,09:46:20,586.3333333333334,-71.11073599987053,42.37296799973496,-71.14891799987595,42.37575699975012,0.0
3518,2022-10-01 09:46:20,true,40,package8466,false,0,0.0,nil,09:46:20,586.3333333333334,-71.09046999986747,42.36164899972673,-71.10705773239334,42.357603898408854,0.0
3518,2022-10-01 09:46:20,true,40,package8469,false,0,0.0,nil,09:46:20,586.3333333333334,-71.0846259998668,42.37148299972416,-71.10948225528057,42.362723425130525,0.0
3524,2022-10-01 09:47:20,true,40,package495,false,0,0.0,nil,09:47:20,587.3333333333334,-71.11375299987101,42.37558599973615,-71.10227099986919,42.36424699973157,0.0
3524,2022-10-01 09:47:20,true,40,package4482,false,0,0.0,nil,09:47:20,587.3333333333334,-71.0846259998668,42.37148299972416,-71.11370899987091,42.37044099973618,0.0
3524,2022-10-01 09:47:20,true,40,package4485,false,0,0.0,nil,09:47:20,587.3333333333334,-71.12020599987189,42.371806999738816,-71.12040399987191,42.37308099973887,0.0
3524,2022-10-01 09:47:20,true,40,package8472,false,0,0.0,nil,09:47:20,587.3333333333334,-71.08599399986682,42.360212999724865,-71.1075343096432,42.3572876860938,0.0
3524,2022-10-01 09:47:20,true,40,package8475,false,0,0.0,nil,09:47:20,587.3333333333334,-71.09015699986746,42.36555099972654,-71.08213899057982,42.36320353715161,0.0
3530,2022-10-01 09:48:20,true,40,package498,false,0,0.0,nil,09:48:20,588.3333333333334,-71.0820969998663,42.36439299972318,-71.07576499986544,42.36596499972047,0.0
3530,2022-10-01 09:48:20,true,40,package4488,false,0,0.0,nil,09:48:20,588.3333333333334,-71.11822699987184,42.390042999737794,-71.12412029362217,42.38893016064258,0.0
3536,2022-10-01 09:49:20,true,40,package8478,false,0,0.0,nil,09:49:20,589.3333333333334,-71.0820969998663,42.36439299972318,-71.08637841958308,42.371687122265904,0.0
3542,2022-10-01 09:50:20,true,40,package501,false,0,0.0,nil,09:50:20,590.3333333333334,-71.0820969998663,42.36439299972318,-71.0821089998663,42.36293399972318,0.0
3542,2022-10-01 09:50:20,true,40,package4491,false,0,0.0,nil,09:50:20,590.3333333333334,-71.09029399986754,42.36795799972656,-71.08137899986622,42.36436899972288,0.0
3548,2022-10-01 09:51:20,true,40,package504,false,0,0.0,nil,09:51:20,591.3333333333334,-71.09046999986747,42.36164899972673,-71.11050197197515,42.36045348922598,0.0
3548,2022-10-01 09:51:20,true,40,package4494,false,0,0.0,nil,09:51:20,591.3333333333334,-71.12020599987189,42.371806999738816,-71.11322599987079,42.36701199973606,0.0
3548,2022-10-01 09:51:20,true,40,package8481,false,0,0.0,nil,09:51:20,591.3333333333334,-71.11994899987197,42.381919999738585,-71.12349699987242,42.378528999740055,0.0
3548,2022-10-01 09:51:20,true,40,package8484,false,0,0.0,nil,09:51:20,591.3333333333334,-71.09622799986829,42.36132899972912,-71.09751669854111,42.36558361383014,0.0
3554,2022-10-01 09:52:20,true,40,package507,false,0,0.0,nil,09:52:20,592.3333333333334,-71.0846259998668,42.37148299972416,-71.09963099986882,42.36357899973052,0.0
3554,2022-10-01 09:52:20,true,40,package510,false,0,0.0,nil,09:52:20,592.3333333333334,-71.11694499987141,42.37270799973749,-71.11278723625081,42.37369757938427,0.0
3554,2022-10-01 09:52:20,true,40,package4497,false,0,0.0,nil,09:52:20,592.3333333333334,-71.10373399986943,42.365674999732164,-71.10798637220333,42.37703932934404,0.0
3554,2022-10-01 09:52:20,true,40,package4500,false,0,0.0,nil,09:52:20,592.3333333333334,-71.09046999986747,42.36164899972673,-71.09581499986834,42.367072999728876,0.0
3554,2022-10-01 09:52:20,true,40,package8487,false,0,0.0,nil,09:52:20,592.3333333333334,-71.0846259998668,42.37148299972416,-71.1126064802667,42.37768657109508,0.0
3554,2022-10-01 09:52:20,true,40,package8490,false,0,0.0,nil,09:52:20,592.3333333333334,-71.09622799986829,42.36132899972912,-71.10856098375933,42.36103101946225,0.0
3560,2022-10-01 09:53:20,true,40,package513,false,0,0.0,nil,09:53:20,593.3333333333334,-71.11937199987199,42.389414999738264,-71.10734297223352,42.363676066256964,0.0
3560,2022-10-01 09:53:20,true,40,package516,false,0,0.0,nil,09:53:20,593.3333333333334,-71.13143799987358,42.38248199974317,-71.1347579998739,42.37394999974458,0.0
3560,2022-10-01 09:53:20,true,40,package4503,false,0,0.0,nil,09:53:20,593.3333333333334,-71.09046999986747,42.36164899972673,-71.10762106381664,42.35668177912155,0.0
3560,2022-10-01 09:53:20,true,40,package4506,false,0,0.0,nil,09:53:20,593.3333333333334,-71.14909599987594,42.37545099975018,-71.1078533979398,42.367394384783154,0.0
3560,2022-10-01 09:53:20,true,40,package8493,false,0,0.0,nil,09:53:20,593.3333333333334,-71.11897699987169,42.37244099973829,-71.11743799987146,42.37121899973769,0.0
3566,2022-10-01 09:54:20,true,40,package519,false,0,0.0,nil,09:54:20,594.3333333333334,-71.0798199998661,42.372245999722104,-71.08719075595572,42.372730036744045,0.0
3566,2022-10-01 09:54:20,true,40,package522,false,0,0.0,nil,09:54:20,594.3333333333334,-71.11912599987173,42.37430599973832,-71.12772999987304,42.381345999741704,0.0
3566,2022-10-01 09:54:20,true,40,package4509,false,0,0.0,nil,09:54:20,594.3333333333334,-71.09046999986747,42.36164899972673,-71.1056274521192,42.359855651476195,0.0
3566,2022-10-01 09:54:20,true,40,package8496,false,0,0.0,nil,09:54:20,594.3333333333334,-71.10726099987012,42.37794599973347,-71.08687107954934,42.3703381281534,0.0
3566,2022-10-01 09:54:20,true,40,package8499,false,0,0.0,nil,09:54:20,594.3333333333334,-71.07932299986598,42.36852999972195,-71.08301538276115,42.371217036935754,0.0
